-- MySQL dump 10.13  Distrib 8.0.45, for Win64 (x86_64)
--
-- Host: localhost    Database: sfrc_db
-- ------------------------------------------------------
-- Server version	8.0.45

/*!40101 SET @OLD_CHARACTER_SET_CLIENT=@@CHARACTER_SET_CLIENT */;
/*!40101 SET @OLD_CHARACTER_SET_RESULTS=@@CHARACTER_SET_RESULTS */;
/*!40101 SET @OLD_COLLATION_CONNECTION=@@COLLATION_CONNECTION */;
/*!50503 SET NAMES utf8 */;
/*!40103 SET @OLD_TIME_ZONE=@@TIME_ZONE */;
/*!40103 SET TIME_ZONE='+00:00' */;
/*!40014 SET @OLD_UNIQUE_CHECKS=@@UNIQUE_CHECKS, UNIQUE_CHECKS=0 */;
/*!40014 SET @OLD_FOREIGN_KEY_CHECKS=@@FOREIGN_KEY_CHECKS, FOREIGN_KEY_CHECKS=0 */;
/*!40101 SET @OLD_SQL_MODE=@@SQL_MODE, SQL_MODE='NO_AUTO_VALUE_ON_ZERO' */;
/*!40111 SET @OLD_SQL_NOTES=@@SQL_NOTES, SQL_NOTES=0 */;

--
-- Table structure for table `estoque`
--

DROP TABLE IF EXISTS `estoque`;
/*!40101 SET @saved_cs_client     = @@character_set_client */;
/*!50503 SET character_set_client = utf8mb4 */;
CREATE TABLE `estoque` (
  `produto_id` int NOT NULL,
  `quantidade_atual` int NOT NULL DEFAULT '0',
  `nivel_critico` int NOT NULL,
  `updated_at` datetime DEFAULT CURRENT_TIMESTAMP ON UPDATE CURRENT_TIMESTAMP,
  PRIMARY KEY (`produto_id`),
  CONSTRAINT `estoque_ibfk_1` FOREIGN KEY (`produto_id`) REFERENCES `produtos` (`id`)
) ENGINE=InnoDB DEFAULT CHARSET=utf8mb4 COLLATE=utf8mb4_0900_ai_ci;
/*!40101 SET character_set_client = @saved_cs_client */;

--
-- Dumping data for table `estoque`
--

LOCK TABLES `estoque` WRITE;
/*!40000 ALTER TABLE `estoque` DISABLE KEYS */;
INSERT INTO `estoque` VALUES (1,110,10,'2026-04-06 00:05:41'),(2,105,10,'2026-04-06 00:13:54'),(5,50,10,'2026-04-05 21:23:19'),(6,12,3,'2026-04-05 21:23:19'),(7,25,5,'2026-04-05 21:23:19');
/*!40000 ALTER TABLE `estoque` ENABLE KEYS */;
UNLOCK TABLES;

--
-- Table structure for table `maquinas_telemetria`
--

DROP TABLE IF EXISTS `maquinas_telemetria`;
/*!40101 SET @saved_cs_client     = @@character_set_client */;
/*!50503 SET character_set_client = utf8mb4 */;
CREATE TABLE `maquinas_telemetria` (
  `id` int NOT NULL AUTO_INCREMENT,
  `maquina_id` varchar(50) NOT NULL,
  `ordem_producao_id` int DEFAULT NULL,
  `status_ligada` tinyint(1) NOT NULL,
  `pecas_produzidas` int NOT NULL,
  `temperatura` decimal(5,2) DEFAULT NULL,
  `timestamp` datetime DEFAULT CURRENT_TIMESTAMP,
  `consumo_kwh` decimal(10,4) DEFAULT NULL,
  `vibracao` decimal(5,2) DEFAULT NULL,
  `ciclo_segundos` decimal(5,2) DEFAULT NULL,
  `pecas_rejeitadas` int DEFAULT '0',
  PRIMARY KEY (`id`),
  KEY `ordem_producao_id` (`ordem_producao_id`),
  CONSTRAINT `maquinas_telemetria_ibfk_1` FOREIGN KEY (`ordem_producao_id`) REFERENCES `ordens_producao` (`id`)
) ENGINE=InnoDB AUTO_INCREMENT=1223 DEFAULT CHARSET=utf8mb4 COLLATE=utf8mb4_0900_ai_ci;
/*!40101 SET character_set_client = @saved_cs_client */;

--
-- Dumping data for table `maquinas_telemetria`
--

LOCK TABLES `maquinas_telemetria` WRITE;
/*!40000 ALTER TABLE `maquinas_telemetria` DISABLE KEYS */;
INSERT INTO `maquinas_telemetria` VALUES (1,'INJETORA_01',1,1,1,55.32,'2026-04-05 20:04:33',NULL,NULL,NULL,0),(2,'INJETORA_01',1,1,2,40.53,'2026-04-05 20:04:33',NULL,NULL,NULL,0),(3,'INJETORA_01',1,1,3,48.93,'2026-04-05 20:04:34',NULL,NULL,NULL,0),(4,'INJETORA_01',1,1,4,40.07,'2026-04-05 20:04:34',NULL,NULL,NULL,0),(5,'INJETORA_01',1,1,5,59.60,'2026-04-05 20:04:35',NULL,NULL,NULL,0),(6,'INJETORA_01',1,1,6,47.94,'2026-04-05 20:04:36',NULL,NULL,NULL,0),(7,'INJETORA_01',1,1,7,45.97,'2026-04-05 20:04:36',NULL,NULL,NULL,0),(8,'INJETORA_01',1,1,8,42.37,'2026-04-05 20:04:37',NULL,NULL,NULL,0),(9,'INJETORA_01',1,1,9,51.66,'2026-04-05 20:04:37',NULL,NULL,NULL,0),(10,'INJETORA_01',1,1,10,53.60,'2026-04-05 20:04:38',NULL,NULL,NULL,0),(11,'INJETORA_01',1,1,11,64.58,'2026-04-05 20:04:38',NULL,NULL,NULL,0),(12,'INJETORA_01',1,1,12,45.74,'2026-04-05 20:04:39',NULL,NULL,NULL,0),(13,'INJETORA_01',1,1,13,47.10,'2026-04-05 20:04:40',NULL,NULL,NULL,0),(14,'INJETORA_01',1,1,14,53.17,'2026-04-05 20:04:40',NULL,NULL,NULL,0),(15,'INJETORA_01',1,1,15,45.32,'2026-04-05 20:04:41',NULL,NULL,NULL,0),(16,'INJETORA_01',1,1,16,57.76,'2026-04-05 20:04:41',NULL,NULL,NULL,0),(17,'INJETORA_01',1,1,17,58.54,'2026-04-05 20:04:42',NULL,NULL,NULL,0),(18,'INJETORA_01',1,1,18,47.23,'2026-04-05 20:04:42',NULL,NULL,NULL,0),(19,'INJETORA_01',1,1,19,40.92,'2026-04-05 20:04:43',NULL,NULL,NULL,0),(20,'INJETORA_01',1,1,20,63.06,'2026-04-05 20:04:44',NULL,NULL,NULL,0),(21,'INJETORA_01',1,1,21,40.48,'2026-04-05 20:04:44',NULL,NULL,NULL,0),(22,'INJETORA_01',1,1,22,62.47,'2026-04-05 20:04:45',NULL,NULL,NULL,0),(23,'INJETORA_01',1,1,23,54.78,'2026-04-05 20:04:45',NULL,NULL,NULL,0),(24,'INJETORA_01',1,1,24,60.98,'2026-04-05 20:04:46',NULL,NULL,NULL,0),(25,'INJETORA_01',1,1,25,62.79,'2026-04-05 20:04:46',NULL,NULL,NULL,0),(26,'INJETORA_01',1,1,26,40.89,'2026-04-05 20:04:47',NULL,NULL,NULL,0),(27,'INJETORA_01',1,1,27,58.18,'2026-04-05 20:04:48',NULL,NULL,NULL,0),(28,'INJETORA_01',1,1,28,47.64,'2026-04-05 20:04:48',NULL,NULL,NULL,0),(29,'INJETORA_01',1,1,29,42.16,'2026-04-05 20:04:49',NULL,NULL,NULL,0),(30,'INJETORA_01',1,1,30,46.11,'2026-04-05 20:04:49',NULL,NULL,NULL,0),(31,'INJETORA_01',1,1,31,50.14,'2026-04-05 20:04:50',NULL,NULL,NULL,0),(32,'INJETORA_01',1,1,32,64.53,'2026-04-05 20:04:50',NULL,NULL,NULL,0),(33,'INJETORA_01',1,1,33,48.59,'2026-04-05 20:04:51',NULL,NULL,NULL,0),(34,'INJETORA_01',1,1,34,54.97,'2026-04-05 20:04:52',NULL,NULL,NULL,0),(35,'INJETORA_01',1,1,35,58.52,'2026-04-05 20:04:52',NULL,NULL,NULL,0),(36,'INJETORA_01',1,1,36,49.31,'2026-04-05 20:04:53',NULL,NULL,NULL,0),(37,'INJETORA_01',1,1,37,53.38,'2026-04-05 20:04:53',NULL,NULL,NULL,0),(38,'INJETORA_01',1,1,38,54.06,'2026-04-05 20:04:54',NULL,NULL,NULL,0),(39,'INJETORA_01',1,1,39,47.03,'2026-04-05 20:04:54',NULL,NULL,NULL,0),(40,'INJETORA_01',1,1,40,48.17,'2026-04-05 20:04:55',NULL,NULL,NULL,0),(41,'INJETORA_01',1,1,41,63.42,'2026-04-05 20:04:56',NULL,NULL,NULL,0),(42,'INJETORA_01',1,1,42,58.85,'2026-04-05 20:04:56',NULL,NULL,NULL,0),(43,'INJETORA_01',1,1,43,50.82,'2026-04-05 20:04:57',NULL,NULL,NULL,0),(44,'INJETORA_01',1,1,44,64.12,'2026-04-05 20:04:57',NULL,NULL,NULL,0),(45,'INJETORA_01',1,1,45,56.00,'2026-04-05 20:04:58',NULL,NULL,NULL,0),(46,'INJETORA_01',1,1,46,52.50,'2026-04-05 20:04:58',NULL,NULL,NULL,0),(47,'INJETORA_01',1,1,47,64.70,'2026-04-05 20:04:59',NULL,NULL,NULL,0),(48,'INJETORA_01',1,1,48,43.11,'2026-04-05 20:04:59',NULL,NULL,NULL,0),(49,'INJETORA_01',1,1,49,57.90,'2026-04-05 20:05:00',NULL,NULL,NULL,0),(50,'INJETORA_01',1,1,50,59.65,'2026-04-05 20:05:01',NULL,NULL,NULL,0),(51,'INJETORA_01',1,1,51,41.73,'2026-04-05 20:05:01',NULL,NULL,NULL,0),(52,'INJETORA_01',1,1,52,44.37,'2026-04-05 20:05:02',NULL,NULL,NULL,0),(53,'INJETORA_01',1,1,53,57.70,'2026-04-05 20:05:02',NULL,NULL,NULL,0),(54,'INJETORA_01',1,1,54,46.10,'2026-04-05 20:05:03',NULL,NULL,NULL,0),(55,'INJETORA_01',1,1,55,44.87,'2026-04-05 20:05:04',NULL,NULL,NULL,0),(56,'INJETORA_01',1,1,56,61.23,'2026-04-05 20:05:04',NULL,NULL,NULL,0),(57,'INJETORA_01',1,1,57,49.64,'2026-04-05 20:05:05',NULL,NULL,NULL,0),(58,'INJETORA_01',1,1,58,46.18,'2026-04-05 20:05:05',NULL,NULL,NULL,0),(59,'INJETORA_01',1,1,59,47.42,'2026-04-05 20:05:06',NULL,NULL,NULL,0),(60,'INJETORA_01',1,1,60,53.63,'2026-04-05 20:05:06',NULL,NULL,NULL,0),(61,'INJETORA_01',1,1,61,48.24,'2026-04-05 20:05:07',NULL,NULL,NULL,0),(62,'INJETORA_01',1,1,62,64.54,'2026-04-05 20:05:07',NULL,NULL,NULL,0),(63,'INJETORA_01',1,1,63,44.75,'2026-04-05 20:05:08',NULL,NULL,NULL,0),(64,'INJETORA_01',1,1,64,42.57,'2026-04-05 20:05:09',NULL,NULL,NULL,0),(65,'INJETORA_01',1,1,65,54.49,'2026-04-05 20:05:09',NULL,NULL,NULL,0),(66,'INJETORA_01',1,1,66,44.03,'2026-04-05 20:05:10',NULL,NULL,NULL,0),(67,'INJETORA_01',1,1,67,53.40,'2026-04-05 20:05:10',NULL,NULL,NULL,0),(68,'INJETORA_01',1,1,68,57.83,'2026-04-05 20:05:11',NULL,NULL,NULL,0),(69,'INJETORA_01',1,1,69,54.06,'2026-04-05 20:05:11',NULL,NULL,NULL,0),(70,'INJETORA_01',1,1,70,46.71,'2026-04-05 20:05:12',NULL,NULL,NULL,0),(71,'INJETORA_01',1,1,71,62.55,'2026-04-05 20:05:13',NULL,NULL,NULL,0),(72,'INJETORA_01',1,1,72,61.28,'2026-04-05 20:05:13',NULL,NULL,NULL,0),(73,'INJETORA_01',1,1,73,51.21,'2026-04-05 20:05:14',NULL,NULL,NULL,0),(74,'INJETORA_01',1,1,74,57.77,'2026-04-05 20:05:15',NULL,NULL,NULL,0),(75,'INJETORA_01',1,1,75,62.04,'2026-04-05 20:05:15',NULL,NULL,NULL,0),(76,'INJETORA_01',1,1,76,60.74,'2026-04-05 20:05:16',NULL,NULL,NULL,0),(77,'INJETORA_01',1,1,77,53.70,'2026-04-05 20:05:16',NULL,NULL,NULL,0),(78,'INJETORA_01',1,1,78,53.86,'2026-04-05 20:05:17',NULL,NULL,NULL,0),(79,'INJETORA_01',1,1,79,48.05,'2026-04-05 20:05:18',NULL,NULL,NULL,0),(80,'INJETORA_01',1,1,80,44.03,'2026-04-05 20:05:18',NULL,NULL,NULL,0),(81,'INJETORA_01',1,1,81,53.98,'2026-04-05 20:05:19',NULL,NULL,NULL,0),(82,'INJETORA_01',1,1,82,45.63,'2026-04-05 20:05:19',NULL,NULL,NULL,0),(83,'INJETORA_01',1,1,83,53.50,'2026-04-05 20:05:20',NULL,NULL,NULL,0),(84,'INJETORA_01',1,1,84,43.82,'2026-04-05 20:05:20',NULL,NULL,NULL,0),(85,'INJETORA_01',1,1,85,42.79,'2026-04-05 20:05:21',NULL,NULL,NULL,0),(86,'INJETORA_01',1,1,86,64.26,'2026-04-05 20:05:22',NULL,NULL,NULL,0),(87,'INJETORA_01',1,1,87,53.02,'2026-04-05 20:05:22',NULL,NULL,NULL,0),(88,'INJETORA_01',1,1,88,45.96,'2026-04-05 20:05:23',NULL,NULL,NULL,0),(89,'INJETORA_01',1,1,89,58.53,'2026-04-05 20:05:23',NULL,NULL,NULL,0),(90,'INJETORA_01',1,1,90,43.36,'2026-04-05 20:05:24',NULL,NULL,NULL,0),(91,'INJETORA_01',1,1,91,44.15,'2026-04-05 20:05:25',NULL,NULL,NULL,0),(92,'INJETORA_01',1,1,92,64.40,'2026-04-05 20:05:25',NULL,NULL,NULL,0),(93,'INJETORA_01',1,1,93,41.53,'2026-04-05 20:05:26',NULL,NULL,NULL,0),(94,'INJETORA_01',1,1,94,46.97,'2026-04-05 20:05:26',NULL,NULL,NULL,0),(95,'INJETORA_01',1,1,95,60.68,'2026-04-05 20:05:27',NULL,NULL,NULL,0),(96,'INJETORA_01',1,1,96,43.53,'2026-04-05 20:05:28',NULL,NULL,NULL,0),(97,'INJETORA_01',1,1,97,51.93,'2026-04-05 20:05:28',NULL,NULL,NULL,0),(98,'INJETORA_01',1,1,98,51.45,'2026-04-05 20:05:29',NULL,NULL,NULL,0),(99,'INJETORA_01',1,1,99,56.93,'2026-04-05 20:05:29',NULL,NULL,NULL,0),(100,'INJETORA_01',1,1,100,57.90,'2026-04-05 20:05:30',NULL,NULL,NULL,0),(101,'INJETORA_01',2,1,1,54.31,'2026-04-05 20:28:29',NULL,NULL,NULL,0),(102,'INJETORA_01',2,1,2,59.36,'2026-04-05 20:28:29',NULL,NULL,NULL,0),(103,'INJETORA_01',2,1,3,52.36,'2026-04-05 20:28:30',NULL,NULL,NULL,0),(104,'INJETORA_01',2,1,4,51.47,'2026-04-05 20:28:30',NULL,NULL,NULL,0),(105,'INJETORA_01',2,1,5,55.88,'2026-04-05 20:28:31',NULL,NULL,NULL,0),(106,'INJETORA_01',2,1,6,41.89,'2026-04-05 20:28:32',NULL,NULL,NULL,0),(107,'INJETORA_01',2,1,7,57.47,'2026-04-05 20:28:32',NULL,NULL,NULL,0),(108,'INJETORA_01',2,1,8,50.22,'2026-04-05 20:28:33',NULL,NULL,NULL,0),(109,'INJETORA_01',2,1,9,62.60,'2026-04-05 20:28:33',NULL,NULL,NULL,0),(110,'INJETORA_01',2,1,10,61.42,'2026-04-05 20:28:34',NULL,NULL,NULL,0),(111,'INJETORA_01',2,1,11,60.75,'2026-04-05 20:28:35',NULL,NULL,NULL,0),(112,'INJETORA_01',2,1,12,62.51,'2026-04-05 20:28:35',NULL,NULL,NULL,0),(113,'INJETORA_01',2,1,13,55.40,'2026-04-05 20:28:36',NULL,NULL,NULL,0),(114,'INJETORA_01',2,1,14,53.43,'2026-04-05 20:28:36',NULL,NULL,NULL,0),(115,'INJETORA_01',2,1,15,46.81,'2026-04-05 20:28:37',NULL,NULL,NULL,0),(116,'INJETORA_01',2,1,16,48.21,'2026-04-05 20:28:37',NULL,NULL,NULL,0),(117,'INJETORA_01',2,1,17,56.99,'2026-04-05 20:28:38',NULL,NULL,NULL,0),(118,'INJETORA_01',2,1,18,44.43,'2026-04-05 20:28:39',NULL,NULL,NULL,0),(119,'INJETORA_01',2,1,19,53.99,'2026-04-05 20:28:39',NULL,NULL,NULL,0),(120,'INJETORA_01',2,1,20,55.41,'2026-04-05 20:28:40',NULL,NULL,NULL,0),(121,'INJETORA_01',2,1,21,46.32,'2026-04-05 20:28:40',NULL,NULL,NULL,0),(122,'INJETORA_01',2,1,22,61.20,'2026-04-05 20:28:41',NULL,NULL,NULL,0),(123,'INJETORA_01',2,1,23,62.62,'2026-04-05 20:28:41',NULL,NULL,NULL,0),(124,'INJETORA_01',2,1,24,57.34,'2026-04-05 20:28:42',NULL,NULL,NULL,0),(125,'INJETORA_01',2,1,25,43.09,'2026-04-05 20:28:43',NULL,NULL,NULL,0),(126,'INJETORA_01',2,1,26,60.92,'2026-04-05 20:28:43',NULL,NULL,NULL,0),(127,'INJETORA_01',2,1,27,61.31,'2026-04-05 20:28:44',NULL,NULL,NULL,0),(128,'INJETORA_01',2,1,28,51.83,'2026-04-05 20:28:44',NULL,NULL,NULL,0),(129,'INJETORA_01',2,1,29,56.95,'2026-04-05 20:28:45',NULL,NULL,NULL,0),(130,'INJETORA_01',2,1,30,47.21,'2026-04-05 20:28:45',NULL,NULL,NULL,0),(131,'INJETORA_01',2,1,31,49.20,'2026-04-05 20:28:46',NULL,NULL,NULL,0),(132,'INJETORA_01',2,1,32,45.59,'2026-04-05 20:28:47',NULL,NULL,NULL,0),(133,'INJETORA_01',2,1,33,64.19,'2026-04-05 20:28:47',NULL,NULL,NULL,0),(134,'INJETORA_01',2,1,34,55.26,'2026-04-05 20:28:48',NULL,NULL,NULL,0),(135,'INJETORA_01',2,1,35,51.79,'2026-04-05 20:28:48',NULL,NULL,NULL,0),(136,'INJETORA_01',2,1,36,57.07,'2026-04-05 20:28:49',NULL,NULL,NULL,0),(137,'INJETORA_01',2,1,37,50.23,'2026-04-05 20:28:49',NULL,NULL,NULL,0),(138,'INJETORA_01',2,1,38,54.95,'2026-04-05 20:28:50',NULL,NULL,NULL,0),(139,'INJETORA_01',2,1,39,50.36,'2026-04-05 20:28:51',NULL,NULL,NULL,0),(140,'INJETORA_01',2,1,40,51.16,'2026-04-05 20:28:51',NULL,NULL,NULL,0),(141,'INJETORA_01',2,1,41,50.45,'2026-04-05 20:28:52',NULL,NULL,NULL,0),(142,'INJETORA_01',2,1,42,59.62,'2026-04-05 20:28:52',NULL,NULL,NULL,0),(143,'INJETORA_01',2,1,43,57.69,'2026-04-05 20:28:53',NULL,NULL,NULL,0),(144,'INJETORA_01',2,1,44,44.35,'2026-04-05 20:28:53',NULL,NULL,NULL,0),(145,'INJETORA_01',2,1,45,53.69,'2026-04-05 20:28:54',NULL,NULL,NULL,0),(146,'INJETORA_01',2,1,46,52.04,'2026-04-05 20:28:54',NULL,NULL,NULL,0),(147,'INJETORA_01',2,1,47,47.25,'2026-04-05 20:28:55',NULL,NULL,NULL,0),(148,'INJETORA_01',2,1,48,60.63,'2026-04-05 20:28:56',NULL,NULL,NULL,0),(149,'INJETORA_01',2,1,49,59.41,'2026-04-05 20:28:56',NULL,NULL,NULL,0),(150,'INJETORA_01',2,1,50,56.59,'2026-04-05 20:28:57',NULL,NULL,NULL,0),(151,'INJETORA_01',2,1,51,48.56,'2026-04-05 20:28:57',NULL,NULL,NULL,0),(152,'INJETORA_01',2,1,52,55.54,'2026-04-05 20:28:58',NULL,NULL,NULL,0),(153,'INJETORA_01',2,1,53,51.20,'2026-04-05 20:28:59',NULL,NULL,NULL,0),(154,'INJETORA_01',2,1,54,58.71,'2026-04-05 20:28:59',NULL,NULL,NULL,0),(155,'INJETORA_01',2,1,55,50.96,'2026-04-05 20:29:00',NULL,NULL,NULL,0),(156,'INJETORA_01',2,1,56,60.62,'2026-04-05 20:29:00',NULL,NULL,NULL,0),(157,'INJETORA_01',2,1,57,57.11,'2026-04-05 20:29:01',NULL,NULL,NULL,0),(158,'INJETORA_01',2,1,58,43.59,'2026-04-05 20:29:01',NULL,NULL,NULL,0),(159,'INJETORA_01',2,1,59,51.20,'2026-04-05 20:29:02',NULL,NULL,NULL,0),(160,'INJETORA_01',2,1,60,64.81,'2026-04-05 20:29:03',NULL,NULL,NULL,0),(161,'INJETORA_01',2,1,61,59.85,'2026-04-05 20:29:03',NULL,NULL,NULL,0),(162,'INJETORA_01',2,1,62,46.04,'2026-04-05 20:29:04',NULL,NULL,NULL,0),(163,'INJETORA_01',2,1,63,58.48,'2026-04-05 20:29:04',NULL,NULL,NULL,0),(164,'INJETORA_01',2,1,64,49.29,'2026-04-05 20:29:05',NULL,NULL,NULL,0),(165,'INJETORA_01',2,1,65,48.43,'2026-04-05 20:29:05',NULL,NULL,NULL,0),(166,'INJETORA_01',2,1,66,54.05,'2026-04-05 20:29:06',NULL,NULL,NULL,0),(167,'INJETORA_01',2,1,67,63.26,'2026-04-05 20:29:07',NULL,NULL,NULL,0),(168,'INJETORA_01',2,1,68,56.84,'2026-04-05 20:29:07',NULL,NULL,NULL,0),(169,'INJETORA_01',2,1,69,50.26,'2026-04-05 20:29:08',NULL,NULL,NULL,0),(170,'INJETORA_01',2,1,70,47.39,'2026-04-05 20:29:08',NULL,NULL,NULL,0),(171,'INJETORA_01',2,1,71,51.06,'2026-04-05 20:29:09',NULL,NULL,NULL,0),(172,'INJETORA_01',2,1,72,64.79,'2026-04-05 20:29:10',NULL,NULL,NULL,0),(173,'INJETORA_01',2,1,73,46.93,'2026-04-05 20:29:10',NULL,NULL,NULL,0),(174,'INJETORA_01',2,1,74,55.53,'2026-04-05 20:29:11',NULL,NULL,NULL,0),(175,'INJETORA_01',2,1,75,42.44,'2026-04-05 20:29:11',NULL,NULL,NULL,0),(176,'INJETORA_01',2,1,76,50.53,'2026-04-05 20:29:12',NULL,NULL,NULL,0),(177,'INJETORA_01',2,1,77,54.50,'2026-04-05 20:29:12',NULL,NULL,NULL,0),(178,'INJETORA_01',2,1,78,46.03,'2026-04-05 20:29:13',NULL,NULL,NULL,0),(179,'INJETORA_01',2,1,79,45.97,'2026-04-05 20:29:13',NULL,NULL,NULL,0),(180,'INJETORA_01',2,1,80,45.33,'2026-04-05 20:29:14',NULL,NULL,NULL,0),(181,'INJETORA_01',2,1,81,49.84,'2026-04-05 20:29:15',NULL,NULL,NULL,0),(182,'INJETORA_01',2,1,82,50.50,'2026-04-05 20:29:15',NULL,NULL,NULL,0),(183,'INJETORA_01',2,1,83,63.27,'2026-04-05 20:29:16',NULL,NULL,NULL,0),(184,'INJETORA_01',2,1,84,42.62,'2026-04-05 20:29:16',NULL,NULL,NULL,0),(185,'INJETORA_01',2,1,85,47.93,'2026-04-05 20:29:17',NULL,NULL,NULL,0),(186,'INJETORA_01',2,1,86,64.41,'2026-04-05 20:29:18',NULL,NULL,NULL,0),(187,'INJETORA_01',2,1,87,44.46,'2026-04-05 20:29:18',NULL,NULL,NULL,0),(188,'INJETORA_01',2,1,88,40.22,'2026-04-05 20:29:19',NULL,NULL,NULL,0),(189,'INJETORA_01',2,1,89,44.72,'2026-04-05 20:29:19',NULL,NULL,NULL,0),(190,'INJETORA_01',2,1,90,45.77,'2026-04-05 20:29:20',NULL,NULL,NULL,0),(191,'INJETORA_01',2,1,91,42.17,'2026-04-05 20:29:21',NULL,NULL,NULL,0),(192,'INJETORA_01',2,1,92,55.49,'2026-04-05 20:29:21',NULL,NULL,NULL,0),(193,'INJETORA_01',2,1,93,57.51,'2026-04-05 20:29:22',NULL,NULL,NULL,0),(194,'INJETORA_01',2,1,94,42.93,'2026-04-05 20:29:22',NULL,NULL,NULL,0),(195,'INJETORA_01',2,1,95,45.75,'2026-04-05 20:29:23',NULL,NULL,NULL,0),(196,'INJETORA_01',2,1,96,63.03,'2026-04-05 20:29:23',NULL,NULL,NULL,0),(197,'INJETORA_01',2,1,97,60.93,'2026-04-05 20:29:24',NULL,NULL,NULL,0),(198,'INJETORA_01',2,1,98,62.31,'2026-04-05 20:29:25',NULL,NULL,NULL,0),(199,'INJETORA_01',2,1,99,43.06,'2026-04-05 20:29:25',NULL,NULL,NULL,0),(200,'INJETORA_01',2,1,100,53.43,'2026-04-05 20:29:26',NULL,NULL,NULL,0),(201,'INJETORA_01',3,1,1,43.19,'2026-04-05 20:40:05',NULL,NULL,NULL,0),(202,'INJETORA_01',3,1,2,40.14,'2026-04-05 20:40:06',NULL,NULL,NULL,0),(203,'INJETORA_01',3,1,3,61.57,'2026-04-05 20:40:06',NULL,NULL,NULL,0),(204,'INJETORA_01',3,1,4,43.45,'2026-04-05 20:40:07',NULL,NULL,NULL,0),(205,'INJETORA_01',3,1,5,48.73,'2026-04-05 20:40:07',NULL,NULL,NULL,0),(206,'INJETORA_01',3,1,6,55.23,'2026-04-05 20:40:08',NULL,NULL,NULL,0),(207,'INJETORA_01',3,1,7,47.15,'2026-04-05 20:40:09',NULL,NULL,NULL,0),(208,'INJETORA_01',3,1,8,41.82,'2026-04-05 20:40:09',NULL,NULL,NULL,0),(209,'INJETORA_01',3,1,9,52.26,'2026-04-05 20:40:10',NULL,NULL,NULL,0),(210,'INJETORA_01',3,1,10,53.30,'2026-04-05 20:40:10',NULL,NULL,NULL,0),(211,'INJETORA_01',3,1,11,47.09,'2026-04-05 20:40:11',NULL,NULL,NULL,0),(212,'INJETORA_01',3,1,12,46.26,'2026-04-05 20:40:12',NULL,NULL,NULL,0),(213,'INJETORA_01',3,1,13,44.24,'2026-04-05 20:40:12',NULL,NULL,NULL,0),(214,'INJETORA_01',3,1,14,49.31,'2026-04-05 20:40:13',NULL,NULL,NULL,0),(215,'INJETORA_01',3,1,15,41.72,'2026-04-05 20:40:13',NULL,NULL,NULL,0),(216,'INJETORA_01',3,1,16,52.23,'2026-04-05 20:40:14',NULL,NULL,NULL,0),(217,'INJETORA_01',3,1,17,52.48,'2026-04-05 20:40:15',NULL,NULL,NULL,0),(218,'INJETORA_01',3,1,18,55.54,'2026-04-05 20:40:15',NULL,NULL,NULL,0),(219,'INJETORA_01',3,1,19,57.75,'2026-04-05 20:40:16',NULL,NULL,NULL,0),(220,'INJETORA_01',3,1,20,56.02,'2026-04-05 20:40:16',NULL,NULL,NULL,0),(221,'INJETORA_01',3,1,21,48.73,'2026-04-05 20:40:17',NULL,NULL,NULL,0),(222,'INJETORA_01',3,1,22,53.09,'2026-04-05 20:40:18',NULL,NULL,NULL,0),(223,'INJETORA_01',3,1,23,40.26,'2026-04-05 20:40:18',NULL,NULL,NULL,0),(224,'INJETORA_01',3,1,24,58.59,'2026-04-05 20:40:19',NULL,NULL,NULL,0),(225,'INJETORA_01',3,1,25,55.81,'2026-04-05 20:40:19',NULL,NULL,NULL,0),(226,'INJETORA_01',3,1,26,58.45,'2026-04-05 20:40:20',NULL,NULL,NULL,0),(227,'INJETORA_01',3,1,27,51.49,'2026-04-05 20:40:21',NULL,NULL,NULL,0),(228,'INJETORA_01',3,1,28,54.63,'2026-04-05 20:40:21',NULL,NULL,NULL,0),(229,'INJETORA_01',3,1,29,42.99,'2026-04-05 20:40:22',NULL,NULL,NULL,0),(230,'INJETORA_01',3,1,30,47.12,'2026-04-05 20:40:23',NULL,NULL,NULL,0),(231,'INJETORA_01',3,1,31,57.54,'2026-04-05 20:40:23',NULL,NULL,NULL,0),(232,'INJETORA_01',3,1,32,46.21,'2026-04-05 20:40:24',NULL,NULL,NULL,0),(233,'INJETORA_01',3,1,33,40.79,'2026-04-05 20:40:24',NULL,NULL,NULL,0),(234,'INJETORA_01',3,1,34,41.01,'2026-04-05 20:40:25',NULL,NULL,NULL,0),(235,'INJETORA_01',3,1,35,53.95,'2026-04-05 20:40:25',NULL,NULL,NULL,0),(236,'INJETORA_01',3,1,36,54.75,'2026-04-05 20:40:26',NULL,NULL,NULL,0),(237,'INJETORA_01',3,1,37,40.40,'2026-04-05 20:40:26',NULL,NULL,NULL,0),(238,'INJETORA_01',3,1,38,49.15,'2026-04-05 20:40:27',NULL,NULL,NULL,0),(239,'INJETORA_01',3,1,39,60.51,'2026-04-05 20:40:28',NULL,NULL,NULL,0),(240,'INJETORA_01',3,1,40,52.46,'2026-04-05 20:40:28',NULL,NULL,NULL,0),(241,'INJETORA_01',3,1,41,58.23,'2026-04-05 20:40:29',NULL,NULL,NULL,0),(242,'INJETORA_01',3,1,42,60.68,'2026-04-05 20:40:29',NULL,NULL,NULL,0),(243,'INJETORA_01',3,1,43,48.45,'2026-04-05 20:40:30',NULL,NULL,NULL,0),(244,'INJETORA_01',3,1,44,63.84,'2026-04-05 20:40:30',NULL,NULL,NULL,0),(245,'INJETORA_01',3,1,45,47.37,'2026-04-05 20:40:31',NULL,NULL,NULL,0),(246,'INJETORA_01',3,1,46,62.82,'2026-04-05 20:40:31',NULL,NULL,NULL,0),(247,'INJETORA_01',3,1,47,52.94,'2026-04-05 20:40:32',NULL,NULL,NULL,0),(248,'INJETORA_01',3,1,48,60.43,'2026-04-05 20:40:33',NULL,NULL,NULL,0),(249,'INJETORA_01',3,1,49,50.09,'2026-04-05 20:40:33',NULL,NULL,NULL,0),(250,'INJETORA_01',3,1,50,42.11,'2026-04-05 20:40:34',NULL,NULL,NULL,0),(251,'INJETORA_01',3,1,51,40.50,'2026-04-05 20:40:34',NULL,NULL,NULL,0),(252,'INJETORA_01',3,1,52,43.31,'2026-04-05 20:40:35',NULL,NULL,NULL,0),(253,'INJETORA_01',3,1,53,50.83,'2026-04-05 20:40:36',NULL,NULL,NULL,0),(254,'INJETORA_01',3,1,54,59.02,'2026-04-05 20:40:36',NULL,NULL,NULL,0),(255,'INJETORA_01',3,1,55,56.70,'2026-04-05 20:40:37',NULL,NULL,NULL,0),(256,'INJETORA_01',3,1,56,53.45,'2026-04-05 20:40:37',NULL,NULL,NULL,0),(257,'INJETORA_01',3,1,57,46.32,'2026-04-05 20:40:38',NULL,NULL,NULL,0),(258,'INJETORA_01',3,1,58,61.97,'2026-04-05 20:40:39',NULL,NULL,NULL,0),(259,'INJETORA_01',3,1,59,53.80,'2026-04-05 20:40:39',NULL,NULL,NULL,0),(260,'INJETORA_01',3,1,60,42.00,'2026-04-05 20:40:40',NULL,NULL,NULL,0),(261,'INJETORA_01',3,1,61,42.22,'2026-04-05 20:40:40',NULL,NULL,NULL,0),(262,'INJETORA_01',3,1,62,44.71,'2026-04-05 20:40:41',NULL,NULL,NULL,0),(263,'INJETORA_01',3,1,63,53.48,'2026-04-05 20:40:41',NULL,NULL,NULL,0),(264,'INJETORA_01',3,1,64,45.74,'2026-04-05 20:40:42',NULL,NULL,NULL,0),(265,'INJETORA_01',3,1,65,41.97,'2026-04-05 20:40:43',NULL,NULL,NULL,0),(266,'INJETORA_01',3,1,66,51.43,'2026-04-05 20:40:43',NULL,NULL,NULL,0),(267,'INJETORA_01',3,1,67,59.94,'2026-04-05 20:40:44',NULL,NULL,NULL,0),(268,'INJETORA_01',3,1,68,62.35,'2026-04-05 20:40:44',NULL,NULL,NULL,0),(269,'INJETORA_01',3,1,69,61.72,'2026-04-05 20:40:45',NULL,NULL,NULL,0),(270,'INJETORA_01',3,1,70,58.97,'2026-04-05 20:40:46',NULL,NULL,NULL,0),(271,'INJETORA_01',3,1,71,56.33,'2026-04-05 20:40:46',NULL,NULL,NULL,0),(272,'INJETORA_01',3,1,72,49.34,'2026-04-05 20:40:47',NULL,NULL,NULL,0),(273,'INJETORA_01',3,1,73,59.31,'2026-04-05 20:40:47',NULL,NULL,NULL,0),(274,'INJETORA_01',3,1,74,58.11,'2026-04-05 20:40:48',NULL,NULL,NULL,0),(275,'INJETORA_01',3,1,75,57.35,'2026-04-05 20:40:48',NULL,NULL,NULL,0),(276,'INJETORA_01',3,1,76,46.55,'2026-04-05 20:40:49',NULL,NULL,NULL,0),(277,'INJETORA_01',3,1,77,43.99,'2026-04-05 20:40:50',NULL,NULL,NULL,0),(278,'INJETORA_01',3,1,78,54.24,'2026-04-05 20:40:50',NULL,NULL,NULL,0),(279,'INJETORA_01',3,1,79,45.09,'2026-04-05 20:40:51',NULL,NULL,NULL,0),(280,'INJETORA_01',3,1,80,52.16,'2026-04-05 20:40:51',NULL,NULL,NULL,0),(281,'INJETORA_01',3,1,81,64.38,'2026-04-05 20:40:52',NULL,NULL,NULL,0),(282,'INJETORA_01',3,1,82,48.11,'2026-04-05 20:40:53',NULL,NULL,NULL,0),(283,'INJETORA_01',3,1,83,47.17,'2026-04-05 20:40:53',NULL,NULL,NULL,0),(284,'INJETORA_01',3,1,84,55.04,'2026-04-05 20:40:54',NULL,NULL,NULL,0),(285,'INJETORA_01',3,1,85,60.69,'2026-04-05 20:40:54',NULL,NULL,NULL,0),(286,'INJETORA_01',3,1,86,40.95,'2026-04-05 20:40:55',NULL,NULL,NULL,0),(287,'INJETORA_01',3,1,87,43.68,'2026-04-05 20:40:55',NULL,NULL,NULL,0),(288,'INJETORA_01',3,1,88,62.69,'2026-04-05 20:40:56',NULL,NULL,NULL,0),(289,'INJETORA_01',3,1,89,43.95,'2026-04-05 20:40:56',NULL,NULL,NULL,0),(290,'INJETORA_01',3,1,90,56.68,'2026-04-05 20:40:57',NULL,NULL,NULL,0),(291,'INJETORA_01',3,1,91,64.33,'2026-04-05 20:40:58',NULL,NULL,NULL,0),(292,'INJETORA_01',3,1,92,61.73,'2026-04-05 20:40:58',NULL,NULL,NULL,0),(293,'INJETORA_01',3,1,93,63.49,'2026-04-05 20:40:59',NULL,NULL,NULL,0),(294,'INJETORA_01',3,1,94,63.36,'2026-04-05 20:40:59',NULL,NULL,NULL,0),(295,'INJETORA_01',3,1,95,51.84,'2026-04-05 20:41:00',NULL,NULL,NULL,0),(296,'INJETORA_01',3,1,96,41.42,'2026-04-05 20:41:00',NULL,NULL,NULL,0),(297,'INJETORA_01',3,1,97,51.97,'2026-04-05 20:41:01',NULL,NULL,NULL,0),(298,'INJETORA_01',3,1,98,44.03,'2026-04-05 20:41:02',NULL,NULL,NULL,0),(299,'INJETORA_01',3,1,99,64.43,'2026-04-05 20:41:02',NULL,NULL,NULL,0),(300,'INJETORA_01',3,1,100,49.46,'2026-04-05 20:41:03',NULL,NULL,NULL,0),(301,'INJETORA_01',4,1,1,55.97,'2026-04-05 20:46:34',NULL,NULL,NULL,0),(302,'INJETORA_01',4,1,2,55.02,'2026-04-05 20:46:34',NULL,NULL,NULL,0),(303,'INJETORA_01',4,1,3,57.42,'2026-04-05 20:46:35',NULL,NULL,NULL,0),(304,'INJETORA_01',4,1,4,58.95,'2026-04-05 20:46:35',NULL,NULL,NULL,0),(305,'INJETORA_01',4,1,5,45.56,'2026-04-05 20:46:36',NULL,NULL,NULL,0),(306,'INJETORA_01',4,1,6,54.70,'2026-04-05 20:46:37',NULL,NULL,NULL,0),(307,'INJETORA_01',4,1,7,61.61,'2026-04-05 20:46:37',NULL,NULL,NULL,0),(308,'INJETORA_01',4,1,8,63.71,'2026-04-05 20:46:38',NULL,NULL,NULL,0),(309,'INJETORA_01',4,1,9,41.46,'2026-04-05 20:46:38',NULL,NULL,NULL,0),(310,'INJETORA_01',4,1,10,43.98,'2026-04-05 20:46:39',NULL,NULL,NULL,0),(311,'INJETORA_01',4,1,11,48.23,'2026-04-05 20:46:40',NULL,NULL,NULL,0),(312,'INJETORA_01',4,1,12,62.34,'2026-04-05 20:46:40',NULL,NULL,NULL,0),(313,'INJETORA_01',4,1,13,53.35,'2026-04-05 20:46:41',NULL,NULL,NULL,0),(314,'INJETORA_01',4,1,14,45.27,'2026-04-05 20:46:41',NULL,NULL,NULL,0),(315,'INJETORA_01',4,1,15,60.94,'2026-04-05 20:46:42',NULL,NULL,NULL,0),(316,'INJETORA_01',4,1,16,61.65,'2026-04-05 20:46:42',NULL,NULL,NULL,0),(317,'INJETORA_01',4,1,17,62.43,'2026-04-05 20:46:43',NULL,NULL,NULL,0),(318,'INJETORA_01',4,1,18,50.45,'2026-04-05 20:46:44',NULL,NULL,NULL,0),(319,'INJETORA_01',4,1,19,40.14,'2026-04-05 20:46:44',NULL,NULL,NULL,0),(320,'INJETORA_01',4,1,20,41.46,'2026-04-05 20:46:45',NULL,NULL,NULL,0),(321,'INJETORA_01',4,1,21,64.31,'2026-04-05 20:46:45',NULL,NULL,NULL,0),(322,'INJETORA_01',4,1,22,61.70,'2026-04-05 20:46:46',NULL,NULL,NULL,0),(323,'INJETORA_01',4,1,23,49.21,'2026-04-05 20:46:47',NULL,NULL,NULL,0),(324,'INJETORA_01',4,1,24,59.05,'2026-04-05 20:46:47',NULL,NULL,NULL,0),(325,'INJETORA_01',4,1,25,54.11,'2026-04-05 20:46:48',NULL,NULL,NULL,0),(326,'INJETORA_01',4,1,26,44.23,'2026-04-05 20:46:48',NULL,NULL,NULL,0),(327,'INJETORA_01',4,1,27,43.42,'2026-04-05 20:46:49',NULL,NULL,NULL,0),(328,'INJETORA_01',4,1,28,54.20,'2026-04-05 20:46:49',NULL,NULL,NULL,0),(329,'INJETORA_01',4,1,29,44.22,'2026-04-05 20:46:50',NULL,NULL,NULL,0),(330,'INJETORA_01',4,1,30,54.07,'2026-04-05 20:46:51',NULL,NULL,NULL,0),(331,'INJETORA_01',4,1,31,52.21,'2026-04-05 20:46:51',NULL,NULL,NULL,0),(332,'INJETORA_01',4,1,32,55.88,'2026-04-05 20:46:52',NULL,NULL,NULL,0),(333,'INJETORA_01',4,1,33,60.40,'2026-04-05 20:46:52',NULL,NULL,NULL,0),(334,'INJETORA_01',4,1,34,62.96,'2026-04-05 20:46:53',NULL,NULL,NULL,0),(335,'INJETORA_01',4,1,35,43.21,'2026-04-05 20:46:54',NULL,NULL,NULL,0),(336,'INJETORA_01',4,1,36,56.19,'2026-04-05 20:46:54',NULL,NULL,NULL,0),(337,'INJETORA_01',4,1,37,64.92,'2026-04-05 20:46:55',NULL,NULL,NULL,0),(338,'INJETORA_01',4,1,38,50.16,'2026-04-05 20:46:55',NULL,NULL,NULL,0),(339,'INJETORA_01',4,1,39,54.32,'2026-04-05 20:46:56',NULL,NULL,NULL,0),(340,'INJETORA_01',4,1,40,56.23,'2026-04-05 20:46:56',NULL,NULL,NULL,0),(341,'INJETORA_01',4,1,41,54.34,'2026-04-05 20:46:57',NULL,NULL,NULL,0),(342,'INJETORA_01',4,1,42,62.08,'2026-04-05 20:46:58',NULL,NULL,NULL,0),(343,'INJETORA_01',4,1,43,52.80,'2026-04-05 20:46:58',NULL,NULL,NULL,0),(344,'INJETORA_01',4,1,44,64.28,'2026-04-05 20:46:59',NULL,NULL,NULL,0),(345,'INJETORA_01',4,1,45,48.01,'2026-04-05 20:46:59',NULL,NULL,NULL,0),(346,'INJETORA_01',4,1,46,45.23,'2026-04-05 20:47:00',NULL,NULL,NULL,0),(347,'INJETORA_01',4,1,47,42.23,'2026-04-05 20:47:00',NULL,NULL,NULL,0),(348,'INJETORA_01',4,1,48,56.90,'2026-04-05 20:47:01',NULL,NULL,NULL,0),(349,'INJETORA_01',4,1,49,44.22,'2026-04-05 20:47:01',NULL,NULL,NULL,0),(350,'INJETORA_01',4,1,50,50.48,'2026-04-05 20:47:02',NULL,NULL,NULL,0),(351,'INJETORA_01',4,1,51,51.51,'2026-04-05 20:47:03',NULL,NULL,NULL,0),(352,'INJETORA_01',4,1,52,51.89,'2026-04-05 20:47:03',NULL,NULL,NULL,0),(353,'INJETORA_01',4,1,53,55.49,'2026-04-05 20:47:04',NULL,NULL,NULL,0),(354,'INJETORA_01',4,1,54,47.80,'2026-04-05 20:47:04',NULL,NULL,NULL,0),(355,'INJETORA_01',4,1,55,56.53,'2026-04-05 20:47:05',NULL,NULL,NULL,0),(356,'INJETORA_01',4,1,56,48.40,'2026-04-05 20:47:05',NULL,NULL,NULL,0),(357,'INJETORA_01',4,1,57,41.80,'2026-04-05 20:47:06',NULL,NULL,NULL,0),(358,'INJETORA_01',4,1,58,64.05,'2026-04-05 20:47:07',NULL,NULL,NULL,0),(359,'INJETORA_01',4,1,59,47.30,'2026-04-05 20:47:07',NULL,NULL,NULL,0),(360,'INJETORA_01',4,1,60,64.13,'2026-04-05 20:47:08',NULL,NULL,NULL,0),(361,'INJETORA_01',4,1,61,44.04,'2026-04-05 20:47:08',NULL,NULL,NULL,0),(362,'INJETORA_01',4,1,62,61.93,'2026-04-05 20:47:09',NULL,NULL,NULL,0),(363,'INJETORA_01',4,1,63,40.01,'2026-04-05 20:47:09',NULL,NULL,NULL,0),(364,'INJETORA_01',4,1,64,53.38,'2026-04-05 20:47:10',NULL,NULL,NULL,0),(365,'INJETORA_01',4,1,65,61.19,'2026-04-05 20:47:10',NULL,NULL,NULL,0),(366,'INJETORA_01',4,1,66,60.95,'2026-04-05 20:47:11',NULL,NULL,NULL,0),(367,'INJETORA_01',4,1,67,47.93,'2026-04-05 20:47:11',NULL,NULL,NULL,0),(368,'INJETORA_01',4,1,68,42.51,'2026-04-05 20:47:12',NULL,NULL,NULL,0),(369,'INJETORA_01',4,1,69,51.55,'2026-04-05 20:47:13',NULL,NULL,NULL,0),(370,'INJETORA_01',4,1,70,57.01,'2026-04-05 20:47:13',NULL,NULL,NULL,0),(371,'INJETORA_01',4,1,71,43.01,'2026-04-05 20:47:14',NULL,NULL,NULL,0),(372,'INJETORA_01',4,1,72,52.72,'2026-04-05 20:47:14',NULL,NULL,NULL,0),(373,'INJETORA_01',4,1,73,45.54,'2026-04-05 20:47:15',NULL,NULL,NULL,0),(374,'INJETORA_01',4,1,74,48.16,'2026-04-05 20:47:15',NULL,NULL,NULL,0),(375,'INJETORA_01',4,1,75,47.50,'2026-04-05 20:47:16',NULL,NULL,NULL,0),(376,'INJETORA_01',4,1,76,49.85,'2026-04-05 20:47:16',NULL,NULL,NULL,0),(377,'INJETORA_01',4,1,77,62.21,'2026-04-05 20:47:17',NULL,NULL,NULL,0),(378,'INJETORA_01',4,1,78,54.87,'2026-04-05 20:47:18',NULL,NULL,NULL,0),(379,'INJETORA_01',4,1,79,45.32,'2026-04-05 20:47:18',NULL,NULL,NULL,0),(380,'INJETORA_01',4,1,80,58.04,'2026-04-05 20:47:19',NULL,NULL,NULL,0),(381,'INJETORA_01',4,1,81,40.52,'2026-04-05 20:47:19',NULL,NULL,NULL,0),(382,'INJETORA_01',4,1,82,61.79,'2026-04-05 20:47:20',NULL,NULL,NULL,0),(383,'INJETORA_01',4,1,83,41.73,'2026-04-05 20:47:20',NULL,NULL,NULL,0),(384,'INJETORA_01',4,1,84,51.10,'2026-04-05 20:47:21',NULL,NULL,NULL,0),(385,'INJETORA_01',4,1,85,63.04,'2026-04-05 20:47:22',NULL,NULL,NULL,0),(386,'INJETORA_01',4,1,86,63.97,'2026-04-05 20:47:22',NULL,NULL,NULL,0),(387,'INJETORA_01',4,1,87,58.81,'2026-04-05 20:47:23',NULL,NULL,NULL,0),(388,'INJETORA_01',4,1,88,42.69,'2026-04-05 20:47:23',NULL,NULL,NULL,0),(389,'INJETORA_01',4,1,89,43.72,'2026-04-05 20:47:24',NULL,NULL,NULL,0),(390,'INJETORA_01',4,1,90,59.98,'2026-04-05 20:47:24',NULL,NULL,NULL,0),(391,'INJETORA_01',4,1,91,56.51,'2026-04-05 20:47:25',NULL,NULL,NULL,0),(392,'INJETORA_01',4,1,92,52.67,'2026-04-05 20:47:26',NULL,NULL,NULL,0),(393,'INJETORA_01',4,1,93,43.46,'2026-04-05 20:47:26',NULL,NULL,NULL,0),(394,'INJETORA_01',4,1,94,50.77,'2026-04-05 20:47:27',NULL,NULL,NULL,0),(395,'INJETORA_01',4,1,95,57.56,'2026-04-05 20:47:27',NULL,NULL,NULL,0),(396,'INJETORA_01',4,1,96,40.95,'2026-04-05 20:47:28',NULL,NULL,NULL,0),(397,'INJETORA_01',4,1,97,43.01,'2026-04-05 20:47:28',NULL,NULL,NULL,0),(398,'INJETORA_01',4,1,98,45.04,'2026-04-05 20:47:29',NULL,NULL,NULL,0),(399,'INJETORA_01',4,1,99,60.29,'2026-04-05 20:47:30',NULL,NULL,NULL,0),(400,'INJETORA_01',4,1,100,56.99,'2026-04-05 20:47:30',NULL,NULL,NULL,0),(401,'INJETORA_01',5,1,1,60.00,'2026-04-05 20:55:54',NULL,NULL,NULL,0),(402,'INJETORA_01',5,1,2,45.36,'2026-04-05 20:55:55',NULL,NULL,NULL,0),(403,'INJETORA_01',5,1,3,58.46,'2026-04-05 20:55:55',NULL,NULL,NULL,0),(404,'INJETORA_01',5,1,4,51.90,'2026-04-05 20:55:56',NULL,NULL,NULL,0),(405,'INJETORA_01',5,1,5,61.58,'2026-04-05 20:55:56',NULL,NULL,NULL,0),(406,'INJETORA_01',5,1,6,49.39,'2026-04-05 20:55:57',NULL,NULL,NULL,0),(407,'INJETORA_01',5,1,7,53.85,'2026-04-05 20:55:57',NULL,NULL,NULL,0),(408,'INJETORA_01',5,1,8,42.80,'2026-04-05 20:55:58',NULL,NULL,NULL,0),(409,'INJETORA_01',5,1,9,44.37,'2026-04-05 20:55:59',NULL,NULL,NULL,0),(410,'INJETORA_01',5,1,10,57.56,'2026-04-05 20:55:59',NULL,NULL,NULL,0),(411,'INJETORA_01',5,1,11,41.23,'2026-04-05 20:56:00',NULL,NULL,NULL,0),(412,'INJETORA_01',5,1,12,40.01,'2026-04-05 20:56:00',NULL,NULL,NULL,0),(413,'INJETORA_01',5,1,13,52.31,'2026-04-05 20:56:01',NULL,NULL,NULL,0),(414,'INJETORA_01',5,1,14,41.11,'2026-04-05 20:56:01',NULL,NULL,NULL,0),(415,'INJETORA_01',5,1,15,57.84,'2026-04-05 20:56:02',NULL,NULL,NULL,0),(416,'INJETORA_01',5,1,16,57.32,'2026-04-05 20:56:02',NULL,NULL,NULL,0),(417,'INJETORA_01',5,1,17,44.08,'2026-04-05 20:56:03',NULL,NULL,NULL,0),(418,'INJETORA_01',5,1,18,41.94,'2026-04-05 20:56:04',NULL,NULL,NULL,0),(419,'INJETORA_01',5,1,19,51.08,'2026-04-05 20:56:04',NULL,NULL,NULL,0),(420,'INJETORA_01',5,1,20,42.08,'2026-04-05 20:56:05',NULL,NULL,NULL,0),(421,'INJETORA_01',5,1,21,56.32,'2026-04-05 20:56:05',NULL,NULL,NULL,0),(422,'INJETORA_01',5,1,22,61.27,'2026-04-05 20:56:06',NULL,NULL,NULL,0),(423,'INJETORA_01',5,1,23,61.67,'2026-04-05 20:56:07',NULL,NULL,NULL,0),(424,'INJETORA_01',5,1,24,63.58,'2026-04-05 20:56:07',NULL,NULL,NULL,0),(425,'INJETORA_01',5,1,25,40.15,'2026-04-05 20:56:08',NULL,NULL,NULL,0),(426,'INJETORA_01',5,1,26,51.26,'2026-04-05 20:56:08',NULL,NULL,NULL,0),(427,'INJETORA_01',5,1,27,60.64,'2026-04-05 20:56:09',NULL,NULL,NULL,0),(428,'INJETORA_01',5,1,28,46.04,'2026-04-05 20:56:10',NULL,NULL,NULL,0),(429,'INJETORA_01',5,1,29,41.12,'2026-04-05 20:56:10',NULL,NULL,NULL,0),(430,'INJETORA_01',5,1,30,51.59,'2026-04-05 20:56:11',NULL,NULL,NULL,0),(431,'INJETORA_01',5,1,31,54.60,'2026-04-05 20:56:11',NULL,NULL,NULL,0),(432,'INJETORA_01',5,1,32,64.33,'2026-04-05 20:56:12',NULL,NULL,NULL,0),(433,'INJETORA_01',5,1,33,53.00,'2026-04-05 20:56:12',NULL,NULL,NULL,0),(434,'INJETORA_01',5,1,34,63.30,'2026-04-05 20:56:13',NULL,NULL,NULL,0),(435,'INJETORA_01',5,1,35,64.20,'2026-04-05 20:56:13',NULL,NULL,NULL,0),(436,'INJETORA_01',5,1,36,59.44,'2026-04-05 20:56:14',NULL,NULL,NULL,0),(437,'INJETORA_01',5,1,37,63.34,'2026-04-05 20:56:15',NULL,NULL,NULL,0),(438,'INJETORA_01',5,1,38,56.01,'2026-04-05 20:56:15',NULL,NULL,NULL,0),(439,'INJETORA_01',5,1,39,51.56,'2026-04-05 20:56:16',NULL,NULL,NULL,0),(440,'INJETORA_01',5,1,40,59.48,'2026-04-05 20:56:16',NULL,NULL,NULL,0),(441,'INJETORA_01',5,1,41,63.09,'2026-04-05 20:56:17',NULL,NULL,NULL,0),(442,'INJETORA_01',5,1,42,61.18,'2026-04-05 20:56:17',NULL,NULL,NULL,0),(443,'INJETORA_01',5,1,43,58.61,'2026-04-05 20:56:18',NULL,NULL,NULL,0),(444,'INJETORA_01',5,1,44,53.24,'2026-04-05 20:56:18',NULL,NULL,NULL,0),(445,'INJETORA_01',5,1,45,58.79,'2026-04-05 20:56:19',NULL,NULL,NULL,0),(446,'INJETORA_01',5,1,46,49.47,'2026-04-05 20:56:20',NULL,NULL,NULL,0),(447,'INJETORA_01',5,1,47,63.18,'2026-04-05 20:56:20',NULL,NULL,NULL,0),(448,'INJETORA_01',5,1,48,56.14,'2026-04-05 20:56:21',NULL,NULL,NULL,0),(449,'INJETORA_01',5,1,49,46.88,'2026-04-05 20:56:21',NULL,NULL,NULL,0),(450,'INJETORA_01',5,1,50,40.16,'2026-04-05 20:56:22',NULL,NULL,NULL,0),(451,'INJETORA_01',5,1,51,45.41,'2026-04-05 20:56:23',NULL,NULL,NULL,0),(452,'INJETORA_01',5,1,52,61.88,'2026-04-05 20:56:23',NULL,NULL,NULL,0),(453,'INJETORA_01',5,1,53,47.12,'2026-04-05 20:56:24',NULL,NULL,NULL,0),(454,'INJETORA_01',5,1,54,56.24,'2026-04-05 20:56:24',NULL,NULL,NULL,0),(455,'INJETORA_01',5,1,55,56.77,'2026-04-05 20:56:25',NULL,NULL,NULL,0),(456,'INJETORA_01',5,1,56,52.77,'2026-04-05 20:56:25',NULL,NULL,NULL,0),(457,'INJETORA_01',5,1,57,56.58,'2026-04-05 20:56:26',NULL,NULL,NULL,0),(458,'INJETORA_01',5,1,58,46.55,'2026-04-05 20:56:26',NULL,NULL,NULL,0),(459,'INJETORA_01',5,1,59,47.48,'2026-04-05 20:56:27',NULL,NULL,NULL,0),(460,'INJETORA_01',5,1,60,61.86,'2026-04-05 20:56:28',NULL,NULL,NULL,0),(461,'INJETORA_01',5,1,61,56.42,'2026-04-05 20:56:28',NULL,NULL,NULL,0),(462,'INJETORA_01',5,1,62,44.01,'2026-04-05 20:56:29',NULL,NULL,NULL,0),(463,'INJETORA_01',5,1,63,40.88,'2026-04-05 20:56:29',NULL,NULL,NULL,0),(464,'INJETORA_01',5,1,64,62.26,'2026-04-05 20:56:30',NULL,NULL,NULL,0),(465,'INJETORA_01',5,1,65,53.14,'2026-04-05 20:56:31',NULL,NULL,NULL,0),(466,'INJETORA_01',5,1,66,45.42,'2026-04-05 20:56:31',NULL,NULL,NULL,0),(467,'INJETORA_01',5,1,67,48.62,'2026-04-05 20:56:32',NULL,NULL,NULL,0),(468,'INJETORA_01',5,1,68,57.69,'2026-04-05 20:56:32',NULL,NULL,NULL,0),(469,'INJETORA_01',5,1,69,40.02,'2026-04-05 20:56:33',NULL,NULL,NULL,0),(470,'INJETORA_01',5,1,70,60.96,'2026-04-05 20:56:33',NULL,NULL,NULL,0),(471,'INJETORA_01',5,1,71,42.21,'2026-04-05 20:56:34',NULL,NULL,NULL,0),(472,'INJETORA_01',5,1,72,56.22,'2026-04-05 20:56:34',NULL,NULL,NULL,0),(473,'INJETORA_01',5,1,73,40.07,'2026-04-05 20:56:35',NULL,NULL,NULL,0),(474,'INJETORA_01',5,1,74,40.98,'2026-04-05 20:56:36',NULL,NULL,NULL,0),(475,'INJETORA_01',5,1,75,58.15,'2026-04-05 20:56:36',NULL,NULL,NULL,0),(476,'INJETORA_01',5,1,76,42.77,'2026-04-05 20:56:37',NULL,NULL,NULL,0),(477,'INJETORA_01',5,1,77,64.42,'2026-04-05 20:56:37',NULL,NULL,NULL,0),(478,'INJETORA_01',5,1,78,59.18,'2026-04-05 20:56:38',NULL,NULL,NULL,0),(479,'INJETORA_01',5,1,79,54.28,'2026-04-05 20:56:38',NULL,NULL,NULL,0),(480,'INJETORA_01',5,1,80,54.02,'2026-04-05 20:56:39',NULL,NULL,NULL,0),(481,'INJETORA_01',5,1,81,55.84,'2026-04-05 20:56:39',NULL,NULL,NULL,0),(482,'INJETORA_01',5,1,82,57.19,'2026-04-05 20:56:40',NULL,NULL,NULL,0),(483,'INJETORA_01',5,1,83,60.49,'2026-04-05 20:56:41',NULL,NULL,NULL,0),(484,'INJETORA_01',5,1,84,51.09,'2026-04-05 20:56:41',NULL,NULL,NULL,0),(485,'INJETORA_01',5,1,85,64.43,'2026-04-05 20:56:42',NULL,NULL,NULL,0),(486,'INJETORA_01',5,1,86,64.65,'2026-04-05 20:56:42',NULL,NULL,NULL,0),(487,'INJETORA_01',5,1,87,47.74,'2026-04-05 20:56:43',NULL,NULL,NULL,0),(488,'INJETORA_01',5,1,88,52.00,'2026-04-05 20:56:43',NULL,NULL,NULL,0),(489,'INJETORA_01',5,1,89,54.43,'2026-04-05 20:56:44',NULL,NULL,NULL,0),(490,'INJETORA_01',5,1,90,60.63,'2026-04-05 20:56:45',NULL,NULL,NULL,0),(491,'INJETORA_01',5,1,91,43.38,'2026-04-05 20:56:45',NULL,NULL,NULL,0),(492,'INJETORA_01',5,1,92,50.61,'2026-04-05 20:56:46',NULL,NULL,NULL,0),(493,'INJETORA_01',5,1,93,41.94,'2026-04-05 20:56:46',NULL,NULL,NULL,0),(494,'INJETORA_01',5,1,94,53.04,'2026-04-05 20:56:47',NULL,NULL,NULL,0),(495,'INJETORA_01',5,1,95,55.71,'2026-04-05 20:56:47',NULL,NULL,NULL,0),(496,'INJETORA_01',5,1,96,63.75,'2026-04-05 20:56:48',NULL,NULL,NULL,0),(497,'INJETORA_01',5,1,97,60.84,'2026-04-05 20:56:49',NULL,NULL,NULL,0),(498,'INJETORA_01',5,1,98,56.92,'2026-04-05 20:56:49',NULL,NULL,NULL,0),(499,'INJETORA_01',5,1,99,46.61,'2026-04-05 20:56:50',NULL,NULL,NULL,0),(500,'INJETORA_01',5,1,100,60.70,'2026-04-05 20:56:50',NULL,NULL,NULL,0),(501,'INJETORA_01',5,0,0,0.00,'2026-04-05 20:56:51',NULL,NULL,NULL,0),(502,'INJETORA_01',6,1,1,50.64,'2026-04-05 21:17:19',1.3682,3.15,0.53,0),(503,'INJETORA_01',6,1,2,51.41,'2026-04-05 21:17:19',2.5654,2.54,0.65,0),(504,'INJETORA_01',6,1,3,62.57,'2026-04-05 21:17:20',1.6230,1.45,0.52,0),(505,'INJETORA_01',6,1,4,63.50,'2026-04-05 21:17:21',1.6420,3.82,0.52,0),(506,'INJETORA_01',6,1,5,58.44,'2026-04-05 21:17:21',2.5312,4.21,0.49,0),(507,'INJETORA_01',6,1,6,71.95,'2026-04-05 21:17:22',1.9070,0.92,0.43,0),(508,'INJETORA_01',6,1,7,69.44,'2026-04-05 21:17:22',1.9248,3.19,0.50,0),(509,'INJETORA_01',6,1,8,50.15,'2026-04-05 21:17:23',2.6516,3.52,0.56,0),(510,'INJETORA_01',6,1,9,55.71,'2026-04-05 21:17:24',1.5001,3.34,0.77,0),(511,'INJETORA_01',6,1,10,48.71,'2026-04-05 21:17:24',1.3172,2.25,0.41,0),(512,'INJETORA_01',6,1,11,69.44,'2026-04-05 21:17:25',2.3539,2.99,0.53,0),(513,'INJETORA_01',6,1,12,55.99,'2026-04-05 21:17:25',2.0106,3.85,0.57,0),(514,'INJETORA_01',6,1,13,60.04,'2026-04-05 21:17:26',2.6930,3.32,0.54,0),(515,'INJETORA_01',6,1,14,60.29,'2026-04-05 21:17:27',2.4688,3.89,0.76,0),(516,'INJETORA_01',6,1,15,56.63,'2026-04-05 21:17:28',2.3648,2.12,0.73,0),(517,'INJETORA_01',6,1,16,71.28,'2026-04-05 21:17:28',2.1078,3.75,0.61,0),(518,'INJETORA_01',6,1,17,59.76,'2026-04-05 21:17:29',1.8832,1.87,0.76,0),(519,'INJETORA_01',6,1,18,57.68,'2026-04-05 21:17:30',1.5431,3.89,0.45,0),(520,'INJETORA_01',6,1,19,60.90,'2026-04-05 21:17:30',1.3761,1.48,0.47,0),(521,'INJETORA_01',6,1,20,71.13,'2026-04-05 21:17:31',1.3518,1.83,0.47,0),(522,'INJETORA_01',6,1,21,53.47,'2026-04-05 21:17:31',1.7714,3.93,0.75,0),(523,'INJETORA_01',6,1,22,57.11,'2026-04-05 21:17:32',2.5257,1.43,0.62,0),(524,'INJETORA_01',6,1,23,59.35,'2026-04-05 21:17:33',2.3374,2.52,0.42,0),(525,'INJETORA_01',6,1,24,54.15,'2026-04-05 21:17:33',1.7361,4.21,0.79,0),(526,'INJETORA_01',6,1,25,59.98,'2026-04-05 21:17:34',1.5636,3.18,0.40,0),(527,'INJETORA_01',6,1,26,65.19,'2026-04-05 21:17:35',2.6974,1.62,0.52,0),(528,'INJETORA_01',6,1,27,48.42,'2026-04-05 21:17:35',2.7586,0.86,0.54,0),(529,'INJETORA_01',6,1,28,68.47,'2026-04-05 21:17:36',2.2519,2.09,0.61,0),(530,'INJETORA_01',6,1,29,54.02,'2026-04-05 21:17:37',2.5098,4.09,0.53,0),(531,'INJETORA_01',6,1,30,66.48,'2026-04-05 21:17:38',1.2078,3.36,0.76,1),(532,'INJETORA_01',6,1,31,52.99,'2026-04-05 21:17:38',1.5984,1.87,0.54,0),(533,'INJETORA_01',6,1,32,65.41,'2026-04-05 21:17:39',2.7730,3.59,0.71,0),(534,'INJETORA_01',6,1,33,62.86,'2026-04-05 21:17:39',2.2169,1.86,0.44,0),(535,'INJETORA_01',6,1,34,48.71,'2026-04-05 21:17:40',1.2343,3.62,0.46,0),(536,'INJETORA_01',6,1,35,55.05,'2026-04-05 21:17:41',1.5551,2.42,0.60,0),(537,'INJETORA_01',6,1,36,49.78,'2026-04-05 21:17:41',2.0085,2.07,0.78,0),(538,'INJETORA_01',6,1,37,70.56,'2026-04-05 21:17:42',2.1593,3.64,0.62,0),(539,'INJETORA_01',6,1,38,45.70,'2026-04-05 21:17:43',2.1479,1.66,0.44,0),(540,'INJETORA_01',6,1,39,57.94,'2026-04-05 21:17:43',2.7636,1.75,0.42,0),(541,'INJETORA_01',6,1,40,53.32,'2026-04-05 21:17:44',2.7374,1.35,0.61,0),(542,'INJETORA_01',6,1,41,55.39,'2026-04-05 21:17:44',1.7391,1.61,0.40,0),(543,'INJETORA_01',6,1,42,64.43,'2026-04-05 21:17:45',1.3429,4.15,0.73,0),(544,'INJETORA_01',6,1,43,67.26,'2026-04-05 21:17:46',1.8193,1.05,0.68,0),(545,'INJETORA_01',6,1,44,53.81,'2026-04-05 21:17:47',2.4298,4.26,0.41,0),(546,'INJETORA_01',6,1,45,50.33,'2026-04-05 21:17:47',1.4859,1.64,0.71,0),(547,'INJETORA_01',6,1,46,53.34,'2026-04-05 21:17:48',1.3859,4.06,0.52,0),(548,'INJETORA_01',6,1,47,63.47,'2026-04-05 21:17:49',2.5910,1.87,0.73,0),(549,'INJETORA_01',6,1,48,46.86,'2026-04-05 21:17:49',1.8334,0.89,0.51,0),(550,'INJETORA_01',6,1,49,69.37,'2026-04-05 21:17:50',2.3429,4.02,0.64,0),(551,'INJETORA_01',6,1,50,66.29,'2026-04-05 21:17:51',1.9004,3.75,0.74,0),(552,'INJETORA_01',6,1,51,65.66,'2026-04-05 21:17:51',1.7590,1.16,0.70,0),(553,'INJETORA_01',6,1,52,68.60,'2026-04-05 21:17:52',2.2183,3.76,0.75,0),(554,'INJETORA_01',6,1,53,70.87,'2026-04-05 21:17:53',2.6848,2.55,0.65,0),(555,'INJETORA_01',6,1,54,57.05,'2026-04-05 21:17:54',2.6169,4.02,0.77,0),(556,'INJETORA_01',6,1,55,71.01,'2026-04-05 21:17:55',1.1598,2.91,0.74,0),(557,'INJETORA_01',6,1,56,48.25,'2026-04-05 21:17:55',2.6935,2.80,0.55,0),(558,'INJETORA_01',6,1,57,51.95,'2026-04-05 21:17:56',1.9450,4.01,0.76,0),(559,'INJETORA_01',6,1,58,53.03,'2026-04-05 21:17:57',1.2035,0.94,0.72,0),(560,'INJETORA_01',6,1,59,46.51,'2026-04-05 21:17:58',1.8132,1.13,0.75,0),(561,'INJETORA_01',6,1,60,56.18,'2026-04-05 21:17:58',2.2768,1.52,0.65,0),(562,'INJETORA_01',6,1,61,57.29,'2026-04-05 21:17:59',2.7197,3.19,0.41,0),(563,'INJETORA_01',6,1,62,57.73,'2026-04-05 21:17:59',2.4225,3.56,0.50,0),(564,'INJETORA_01',6,1,63,68.44,'2026-04-05 21:18:00',1.9220,1.82,0.43,0),(565,'INJETORA_01',6,1,64,45.17,'2026-04-05 21:18:01',1.4856,1.90,0.55,0),(566,'INJETORA_01',6,1,65,63.73,'2026-04-05 21:18:01',2.7800,0.99,0.76,0),(567,'INJETORA_01',6,1,66,55.58,'2026-04-05 21:18:02',1.7233,2.32,0.77,0),(568,'INJETORA_01',6,1,67,65.49,'2026-04-05 21:18:03',1.8572,1.09,0.73,0),(569,'INJETORA_01',6,1,68,63.07,'2026-04-05 21:18:03',2.4890,4.01,0.49,0),(570,'INJETORA_01',6,1,69,65.92,'2026-04-05 21:18:04',1.7690,4.13,0.76,0),(571,'INJETORA_01',6,1,70,53.49,'2026-04-05 21:18:05',1.1409,2.69,0.63,0),(572,'INJETORA_01',6,1,71,64.90,'2026-04-05 21:18:06',2.2192,2.05,0.75,0),(573,'INJETORA_01',6,1,72,68.36,'2026-04-05 21:18:07',1.7190,2.91,0.64,0),(574,'INJETORA_01',6,1,73,45.30,'2026-04-05 21:18:07',1.7279,3.06,0.47,0),(575,'INJETORA_01',6,1,74,68.73,'2026-04-05 21:18:08',2.7141,4.07,0.55,0),(576,'INJETORA_01',6,1,75,62.40,'2026-04-05 21:18:08',2.5481,1.57,0.44,0),(577,'INJETORA_01',6,1,76,49.91,'2026-04-05 21:18:09',1.8966,3.36,0.61,0),(578,'INJETORA_01',6,1,77,53.09,'2026-04-05 21:18:10',1.8067,2.64,0.62,0),(579,'INJETORA_01',6,1,78,56.61,'2026-04-05 21:18:10',2.0042,1.78,0.44,0),(580,'INJETORA_01',6,1,79,66.51,'2026-04-05 21:18:11',2.5530,1.43,0.57,0),(581,'INJETORA_01',6,1,80,71.98,'2026-04-05 21:18:11',2.0785,2.13,0.56,0),(582,'INJETORA_01',6,1,81,66.94,'2026-04-05 21:18:12',2.7632,4.14,0.40,0),(583,'INJETORA_01',6,1,82,50.06,'2026-04-05 21:18:13',1.9465,1.26,0.73,0),(584,'INJETORA_01',6,1,83,48.94,'2026-04-05 21:18:13',2.1004,3.69,0.70,0),(585,'INJETORA_01',6,1,84,66.72,'2026-04-05 21:18:14',1.6636,3.53,0.72,0),(586,'INJETORA_01',6,1,85,70.41,'2026-04-05 21:18:15',1.5442,3.58,0.58,0),(587,'INJETORA_01',6,1,86,64.19,'2026-04-05 21:18:15',2.0586,3.56,0.46,0),(588,'INJETORA_01',6,1,87,57.36,'2026-04-05 21:18:16',2.6663,3.25,0.40,0),(589,'INJETORA_01',6,1,88,50.97,'2026-04-05 21:18:16',1.7605,3.98,0.51,0),(590,'INJETORA_01',6,1,89,66.68,'2026-04-05 21:18:17',1.7979,3.50,0.67,0),(591,'INJETORA_01',6,1,90,47.50,'2026-04-05 21:18:18',1.4274,2.73,0.78,0),(592,'INJETORA_01',6,1,91,45.21,'2026-04-05 21:18:19',2.7964,1.44,0.72,1),(593,'INJETORA_01',6,1,92,65.16,'2026-04-05 21:18:19',2.6067,2.75,0.75,0),(594,'INJETORA_01',6,1,93,65.33,'2026-04-05 21:18:20',1.6591,3.03,0.63,1),(595,'INJETORA_01',6,1,94,55.26,'2026-04-05 21:18:21',2.1507,2.85,0.58,0),(596,'INJETORA_01',6,1,95,58.52,'2026-04-05 21:18:21',1.4851,3.76,0.70,0),(597,'INJETORA_01',6,1,96,51.70,'2026-04-05 21:18:22',2.6693,2.51,0.72,0),(598,'INJETORA_01',6,1,97,59.42,'2026-04-05 21:18:23',2.3990,1.64,0.59,0),(599,'INJETORA_01',6,1,98,67.53,'2026-04-05 21:18:23',2.7568,3.49,0.44,0),(600,'INJETORA_01',6,1,99,49.36,'2026-04-05 21:18:24',1.8284,0.88,0.49,0),(601,'INJETORA_01',6,1,100,55.70,'2026-04-05 21:18:25',2.7973,2.79,0.59,0),(602,'INJETORA_01',6,0,0,0.00,'2026-04-05 21:18:25',0.0000,0.00,0.00,0),(603,'INJETORA_01',7,1,1,46.63,'2026-04-05 21:50:01',1.9147,4.34,0.65,0),(604,'INJETORA_01',7,1,2,66.05,'2026-04-05 21:50:01',2.3348,4.28,0.76,0),(605,'INJETORA_01',7,1,3,57.09,'2026-04-05 21:50:02',2.5196,3.16,0.78,0),(606,'INJETORA_01',7,1,4,71.88,'2026-04-05 21:50:03',2.4002,3.25,0.46,0),(607,'INJETORA_01',7,1,5,70.18,'2026-04-05 21:50:04',1.3502,1.36,0.77,0),(608,'INJETORA_01',7,1,6,46.80,'2026-04-05 21:50:04',1.5761,3.56,0.60,0),(609,'INJETORA_01',7,1,7,55.29,'2026-04-05 21:50:05',2.2751,1.12,0.58,0),(610,'INJETORA_01',7,1,8,62.40,'2026-04-05 21:50:06',1.5219,1.04,0.60,0),(611,'INJETORA_01',7,1,9,56.67,'2026-04-05 21:50:06',1.6335,3.78,0.54,0),(612,'INJETORA_01',7,1,10,51.13,'2026-04-05 21:50:07',1.6354,1.50,0.56,0),(613,'INJETORA_01',7,1,11,54.89,'2026-04-05 21:50:08',1.1123,4.14,0.73,0),(614,'INJETORA_01',7,1,12,50.10,'2026-04-05 21:50:08',2.2146,1.04,0.50,0),(615,'INJETORA_01',7,1,13,70.65,'2026-04-05 21:50:09',2.0229,3.74,0.77,0),(616,'INJETORA_01',7,1,14,55.80,'2026-04-05 21:50:10',1.7301,4.45,0.66,0),(617,'INJETORA_01',7,1,15,45.69,'2026-04-05 21:50:11',1.4835,1.07,0.78,0),(618,'INJETORA_01',7,1,16,70.20,'2026-04-05 21:50:11',2.6303,3.28,0.67,0),(619,'INJETORA_01',7,1,17,52.35,'2026-04-05 21:50:12',2.6865,1.33,0.41,0),(620,'INJETORA_01',7,1,18,49.00,'2026-04-05 21:50:12',1.8629,2.54,0.40,0),(621,'INJETORA_01',7,1,19,57.64,'2026-04-05 21:50:13',1.5478,1.84,0.61,0),(622,'INJETORA_01',7,1,20,56.24,'2026-04-05 21:50:14',1.7898,2.39,0.61,0),(623,'INJETORA_01',7,1,21,53.77,'2026-04-05 21:50:14',1.5455,1.77,0.47,0),(624,'INJETORA_01',7,1,22,61.97,'2026-04-05 21:50:15',2.6977,1.40,0.51,0),(625,'INJETORA_01',7,1,23,67.01,'2026-04-05 21:50:16',1.5864,4.36,0.80,0),(626,'INJETORA_01',7,1,24,68.17,'2026-04-05 21:50:16',2.7152,2.48,0.58,0),(627,'INJETORA_01',7,1,25,49.84,'2026-04-05 21:50:17',1.8284,2.85,0.75,0),(628,'INJETORA_01',7,1,26,54.42,'2026-04-05 21:50:18',1.9306,1.50,0.52,0),(629,'INJETORA_01',7,1,27,58.06,'2026-04-05 21:50:18',1.9845,1.01,0.51,0),(630,'INJETORA_01',7,1,28,59.55,'2026-04-05 21:50:19',2.0686,3.30,0.54,0),(631,'INJETORA_01',7,1,29,68.18,'2026-04-05 21:50:20',2.1640,2.44,0.62,0),(632,'INJETORA_01',7,1,30,71.68,'2026-04-05 21:50:20',2.6206,3.86,0.70,0),(633,'INJETORA_01',7,1,31,69.30,'2026-04-05 21:50:21',1.7011,3.91,0.50,0),(634,'INJETORA_01',7,1,32,62.24,'2026-04-05 21:50:22',2.6483,2.99,0.70,0),(635,'INJETORA_01',7,1,33,62.01,'2026-04-05 21:50:22',2.3222,2.70,0.48,0),(636,'INJETORA_01',7,1,34,53.10,'2026-04-05 21:50:23',2.4311,1.60,0.59,0),(637,'INJETORA_01',7,1,35,52.12,'2026-04-05 21:50:24',1.4038,2.48,0.77,0),(638,'INJETORA_01',7,1,36,67.57,'2026-04-05 21:50:24',2.3065,0.86,0.63,0),(639,'INJETORA_01',7,1,37,57.13,'2026-04-05 21:50:25',2.2774,3.22,0.73,1),(640,'INJETORA_01',7,1,38,50.73,'2026-04-05 21:50:26',1.8486,2.03,0.56,0),(641,'INJETORA_01',7,1,39,63.31,'2026-04-05 21:50:26',2.1727,2.66,0.40,0),(642,'INJETORA_01',7,1,40,59.06,'2026-04-05 21:50:27',2.4035,3.64,0.49,0),(643,'INJETORA_01',7,1,41,53.62,'2026-04-05 21:50:28',1.3009,4.06,0.57,0),(644,'INJETORA_01',7,1,42,46.20,'2026-04-05 21:50:28',2.5259,1.63,0.77,0),(645,'INJETORA_01',7,1,43,46.56,'2026-04-05 21:50:29',1.5103,1.36,0.42,0),(646,'INJETORA_01',7,1,44,64.92,'2026-04-05 21:50:30',2.1319,2.36,0.67,0),(647,'INJETORA_01',7,1,45,52.45,'2026-04-05 21:50:30',1.8902,2.17,0.42,0),(648,'INJETORA_01',7,1,46,69.77,'2026-04-05 21:50:31',1.7569,1.32,0.58,1),(649,'INJETORA_01',7,1,47,53.94,'2026-04-05 21:50:31',2.4015,4.02,0.58,0),(650,'INJETORA_01',7,1,48,53.53,'2026-04-05 21:50:32',2.0197,2.79,0.68,0),(651,'INJETORA_01',7,1,49,65.76,'2026-04-05 21:50:33',2.0354,2.22,0.56,0),(652,'INJETORA_01',7,1,50,67.56,'2026-04-05 21:50:33',2.3211,1.38,0.50,0),(653,'INJETORA_01',7,1,51,62.19,'2026-04-05 21:50:34',1.4008,3.15,0.70,0),(654,'INJETORA_01',7,1,52,61.49,'2026-04-05 21:50:35',1.7638,2.57,0.77,0),(655,'INJETORA_01',7,1,53,52.44,'2026-04-05 21:50:35',2.1399,3.12,0.43,0),(656,'INJETORA_01',7,1,54,70.40,'2026-04-05 21:50:36',2.2716,0.98,0.77,0),(657,'INJETORA_01',7,1,55,53.10,'2026-04-05 21:50:37',1.7423,4.38,0.74,0),(658,'INJETORA_01',7,1,56,71.07,'2026-04-05 21:50:38',2.6685,1.83,0.69,0),(659,'INJETORA_01',7,1,57,71.91,'2026-04-05 21:50:39',2.3772,4.41,0.72,0),(660,'INJETORA_01',7,1,58,71.51,'2026-04-05 21:50:39',1.2348,4.28,0.62,0),(661,'INJETORA_01',7,1,59,63.73,'2026-04-05 21:50:40',1.8708,4.01,0.74,0),(662,'INJETORA_01',7,1,60,46.48,'2026-04-05 21:50:41',2.5456,3.35,0.54,0),(663,'INJETORA_01',7,1,61,57.84,'2026-04-05 21:50:42',2.3967,1.74,0.63,0),(664,'INJETORA_01',7,1,62,62.05,'2026-04-05 21:50:42',2.0703,0.98,0.78,0),(665,'INJETORA_01',7,1,63,68.56,'2026-04-05 21:50:43',2.5938,2.88,0.78,0),(666,'INJETORA_01',7,1,64,57.85,'2026-04-05 21:50:44',2.4273,2.40,0.40,0),(667,'INJETORA_01',7,1,65,63.14,'2026-04-05 21:50:44',2.6321,4.49,0.63,0),(668,'INJETORA_01',7,1,66,57.94,'2026-04-05 21:50:45',2.5704,3.80,0.52,0),(669,'INJETORA_01',7,1,67,59.46,'2026-04-05 21:50:45',1.5548,2.41,0.47,0),(670,'INJETORA_01',7,1,68,60.96,'2026-04-05 21:50:46',1.8273,1.66,0.49,0),(671,'INJETORA_01',7,1,69,67.94,'2026-04-05 21:50:47',1.6710,2.02,0.77,0),(672,'INJETORA_01',7,1,70,46.87,'2026-04-05 21:50:47',1.9928,1.19,0.54,0),(673,'INJETORA_01',7,1,71,45.82,'2026-04-05 21:50:48',1.9304,2.04,0.68,0),(674,'INJETORA_01',7,1,72,49.72,'2026-04-05 21:50:49',2.5832,0.98,0.75,0),(675,'INJETORA_01',7,1,73,58.83,'2026-04-05 21:50:50',2.5368,3.09,0.65,0),(676,'INJETORA_01',7,1,74,60.33,'2026-04-05 21:50:50',1.1361,3.97,0.58,0),(677,'INJETORA_01',7,1,75,70.42,'2026-04-05 21:50:51',1.9391,4.47,0.59,0),(678,'INJETORA_01',7,1,76,57.56,'2026-04-05 21:50:52',1.3711,2.20,0.71,0),(679,'INJETORA_01',7,1,77,68.86,'2026-04-05 21:50:53',1.3862,0.98,0.71,0),(680,'INJETORA_01',7,1,78,47.41,'2026-04-05 21:50:53',2.5601,0.82,0.56,0),(681,'INJETORA_01',7,1,79,63.24,'2026-04-05 21:50:54',1.8679,4.02,0.62,0),(682,'INJETORA_01',7,1,80,63.01,'2026-04-05 21:50:55',2.2979,1.12,0.67,0),(683,'INJETORA_01',7,1,81,67.18,'2026-04-05 21:50:55',2.7588,2.29,0.44,0),(684,'INJETORA_01',7,1,82,65.36,'2026-04-05 21:50:56',2.5351,0.98,0.66,0),(685,'INJETORA_01',7,1,83,47.40,'2026-04-05 21:50:56',1.9141,3.89,0.41,0),(686,'INJETORA_01',7,1,84,46.13,'2026-04-05 21:50:57',1.8314,1.55,0.47,0),(687,'INJETORA_01',7,1,85,57.15,'2026-04-05 21:50:58',1.4972,0.92,0.51,0),(688,'INJETORA_01',7,1,86,50.21,'2026-04-05 21:50:58',1.2417,0.90,0.76,0),(689,'INJETORA_01',7,1,87,68.31,'2026-04-05 21:50:59',2.2528,2.31,0.46,0),(690,'INJETORA_01',7,1,88,51.46,'2026-04-05 21:50:59',1.2241,1.46,0.54,0),(691,'INJETORA_01',7,1,89,69.63,'2026-04-05 21:51:00',2.7874,2.25,0.53,0),(692,'INJETORA_01',7,1,90,54.58,'2026-04-05 21:51:01',1.1221,4.46,0.61,1),(693,'INJETORA_01',7,1,91,52.28,'2026-04-05 21:51:01',1.3168,2.64,0.56,0),(694,'INJETORA_01',7,1,92,56.15,'2026-04-05 21:51:02',1.1734,1.41,0.64,0),(695,'INJETORA_01',7,1,93,49.98,'2026-04-05 21:51:03',1.6186,2.90,0.44,0),(696,'INJETORA_01',7,1,94,60.68,'2026-04-05 21:51:03',2.0524,1.18,0.76,1),(697,'INJETORA_01',7,1,95,51.40,'2026-04-05 21:51:04',2.1793,3.58,0.80,0),(698,'INJETORA_01',7,1,96,50.99,'2026-04-05 21:51:05',2.5543,1.79,0.62,0),(699,'INJETORA_01',7,1,97,54.15,'2026-04-05 21:51:06',1.3969,4.13,0.54,0),(700,'INJETORA_01',7,1,98,62.10,'2026-04-05 21:51:06',2.4681,1.92,0.59,0),(701,'INJETORA_01',7,1,99,65.08,'2026-04-05 21:51:07',2.4590,2.70,0.61,1),(702,'INJETORA_01',7,1,100,67.28,'2026-04-05 21:51:08',2.6533,2.91,0.77,0),(703,'INJETORA_01',7,0,0,0.00,'2026-04-05 21:51:08',0.0000,0.00,0.00,0),(704,'INJETORA_01',8,1,1,71.62,'2026-04-05 21:52:53',1.6372,1.99,0.61,0),(705,'INJETORA_01',8,1,2,56.22,'2026-04-05 21:52:54',1.3431,2.21,0.42,0),(706,'INJETORA_01',8,1,3,59.64,'2026-04-05 21:52:54',1.2365,2.88,0.53,0),(707,'INJETORA_01',8,1,4,58.45,'2026-04-05 21:52:55',1.4373,0.95,0.62,0),(708,'INJETORA_01',8,1,5,49.80,'2026-04-05 21:52:56',2.1342,1.64,0.76,0),(709,'INJETORA_01',8,1,6,49.63,'2026-04-05 21:52:56',1.1366,3.36,0.41,0),(710,'INJETORA_01',8,1,7,66.09,'2026-04-05 21:52:57',1.1677,2.96,0.73,0),(711,'INJETORA_01',8,1,8,47.98,'2026-04-05 21:52:58',1.1331,3.57,0.77,0),(712,'INJETORA_01',8,1,9,54.44,'2026-04-05 21:52:58',2.3507,2.01,0.41,0),(713,'INJETORA_01',8,1,10,51.36,'2026-04-05 21:52:59',1.1633,1.83,0.75,0),(714,'INJETORA_01',8,1,11,62.01,'2026-04-05 21:53:00',2.6946,2.29,0.51,0),(715,'INJETORA_01',8,1,12,60.73,'2026-04-05 21:53:00',1.5209,4.44,0.53,0),(716,'INJETORA_01',8,1,13,66.28,'2026-04-05 21:53:01',2.5411,2.78,0.55,0),(717,'INJETORA_01',8,1,14,61.69,'2026-04-05 21:53:02',2.1749,3.50,0.75,0),(718,'INJETORA_01',8,1,15,71.34,'2026-04-05 21:53:03',1.9159,3.64,0.72,0),(719,'INJETORA_01',8,1,16,66.86,'2026-04-05 21:53:03',2.5978,3.44,0.50,0),(720,'INJETORA_01',8,1,17,64.05,'2026-04-05 21:53:04',1.7915,0.81,0.66,0),(721,'INJETORA_01',8,1,18,68.72,'2026-04-05 21:53:05',1.1979,0.85,0.78,0),(722,'INJETORA_01',8,1,19,57.32,'2026-04-05 21:53:05',1.9289,2.92,0.61,0),(723,'INJETORA_01',8,1,20,63.70,'2026-04-05 21:53:06',2.1316,1.08,0.74,0),(724,'INJETORA_01',8,1,21,56.67,'2026-04-05 21:53:07',2.4533,3.26,0.67,0),(725,'INJETORA_01',8,1,22,66.87,'2026-04-05 21:53:07',2.6560,1.07,0.65,0),(726,'INJETORA_01',8,1,23,55.68,'2026-04-05 21:53:08',2.0886,2.05,0.79,0),(727,'INJETORA_01',8,1,24,61.41,'2026-04-05 21:53:09',1.1981,3.59,0.75,0),(728,'INJETORA_01',8,1,25,66.55,'2026-04-05 21:53:10',2.1794,0.97,0.67,0),(729,'INJETORA_01',8,1,26,47.94,'2026-04-05 21:53:11',2.6495,2.73,0.72,0),(730,'INJETORA_01',8,1,27,46.32,'2026-04-05 21:53:12',2.6993,2.79,0.73,0),(731,'INJETORA_01',8,1,28,70.07,'2026-04-05 21:53:12',1.9163,2.14,0.45,0),(732,'INJETORA_01',8,1,29,58.58,'2026-04-05 21:53:13',1.4830,1.11,0.80,0),(733,'INJETORA_01',8,1,30,70.14,'2026-04-05 21:53:14',2.3798,3.36,0.61,0),(734,'INJETORA_01',8,1,31,46.82,'2026-04-05 21:53:15',1.3373,4.02,0.47,0),(735,'INJETORA_01',8,1,32,62.34,'2026-04-05 21:53:15',1.6353,0.85,0.50,0),(736,'INJETORA_01',8,1,33,68.56,'2026-04-05 21:53:16',1.5668,3.97,0.78,0),(737,'INJETORA_01',8,1,34,60.22,'2026-04-05 21:53:17',2.5140,4.42,0.55,0),(738,'INJETORA_01',8,1,35,69.11,'2026-04-05 21:53:17',2.0529,1.22,0.44,0),(739,'INJETORA_01',8,1,36,65.57,'2026-04-05 21:53:18',2.2085,4.22,0.72,0),(740,'INJETORA_01',8,1,37,52.38,'2026-04-05 21:53:18',1.1380,2.42,0.45,0),(741,'INJETORA_01',8,1,38,54.59,'2026-04-05 21:53:19',2.6022,1.83,0.57,0),(742,'INJETORA_01',8,1,39,65.93,'2026-04-05 21:53:19',2.7582,1.24,0.43,0),(743,'INJETORA_01',8,1,40,64.89,'2026-04-05 21:53:20',2.3073,3.39,0.56,0),(744,'INJETORA_01',8,1,41,50.38,'2026-04-05 21:53:21',1.3414,1.85,0.55,0),(745,'INJETORA_01',8,1,42,68.75,'2026-04-05 21:53:21',2.7346,2.16,0.70,0),(746,'INJETORA_01',8,1,43,62.35,'2026-04-05 21:53:22',1.5658,2.15,0.49,0),(747,'INJETORA_01',8,1,44,45.23,'2026-04-05 21:53:23',2.3231,1.87,0.66,1),(748,'INJETORA_01',8,1,45,62.32,'2026-04-05 21:53:23',2.7161,3.10,0.59,0),(749,'INJETORA_01',8,1,46,67.50,'2026-04-05 21:53:24',1.8694,4.42,0.40,0),(750,'INJETORA_01',8,1,47,45.72,'2026-04-05 21:53:24',2.5857,0.85,0.64,0),(751,'INJETORA_01',8,1,48,49.07,'2026-04-05 21:53:25',2.2756,0.88,0.57,0),(752,'INJETORA_01',8,1,49,57.79,'2026-04-05 21:53:26',1.1752,2.32,0.70,0),(753,'INJETORA_01',8,1,50,65.30,'2026-04-05 21:53:26',1.2335,2.75,0.55,0),(754,'INJETORA_01',8,1,51,71.17,'2026-04-05 21:53:27',2.7109,3.51,0.75,0),(755,'INJETORA_01',8,1,52,69.44,'2026-04-05 21:53:28',1.3325,1.53,0.59,0),(756,'INJETORA_01',8,1,53,65.15,'2026-04-05 21:53:29',2.4728,3.98,0.76,0),(757,'INJETORA_01',8,1,54,56.15,'2026-04-05 21:53:29',1.6640,4.03,0.62,0),(758,'INJETORA_01',8,1,55,57.97,'2026-04-05 21:53:30',1.3854,3.16,0.60,0),(759,'INJETORA_01',8,1,56,58.60,'2026-04-05 21:53:31',2.2241,4.01,0.40,0),(760,'INJETORA_01',8,1,57,54.70,'2026-04-05 21:53:31',2.3941,3.34,0.68,0),(761,'INJETORA_01',8,1,58,65.71,'2026-04-05 21:53:32',1.5470,2.56,0.71,0),(762,'INJETORA_01',8,1,59,51.21,'2026-04-05 21:53:33',2.1802,1.95,0.72,0),(763,'INJETORA_01',8,1,60,46.78,'2026-04-05 21:53:34',2.4810,3.85,0.78,0),(764,'INJETORA_01',8,1,61,70.22,'2026-04-05 21:53:35',2.2819,1.77,0.78,0),(765,'INJETORA_01',8,1,62,50.12,'2026-04-05 21:53:35',1.5436,2.27,0.54,0),(766,'INJETORA_01',8,1,63,70.84,'2026-04-05 21:53:36',1.7919,3.23,0.64,0),(767,'INJETORA_01',8,1,64,59.02,'2026-04-05 21:53:36',1.1591,3.45,0.40,0),(768,'INJETORA_01',8,1,65,66.41,'2026-04-05 21:53:37',1.1869,2.86,0.72,0),(769,'INJETORA_01',8,1,66,71.08,'2026-04-05 21:53:38',2.0714,2.58,0.63,0),(770,'INJETORA_01',8,1,67,52.56,'2026-04-05 21:53:39',2.2320,1.43,0.70,0),(771,'INJETORA_01',8,1,68,63.95,'2026-04-05 21:53:40',2.1403,3.75,0.76,0),(772,'INJETORA_01',8,1,69,47.17,'2026-04-05 21:53:40',2.7572,3.09,0.76,0),(773,'INJETORA_01',8,1,70,45.98,'2026-04-05 21:53:41',1.4691,1.73,0.65,1),(774,'INJETORA_01',8,1,71,68.29,'2026-04-05 21:53:42',2.5959,1.47,0.63,1),(775,'INJETORA_01',8,1,72,71.79,'2026-04-05 21:53:43',2.1129,2.66,0.75,0),(776,'INJETORA_01',8,1,73,54.14,'2026-04-05 21:53:43',2.3856,2.17,0.44,0),(777,'INJETORA_01',8,1,74,45.26,'2026-04-05 21:53:44',2.6158,2.97,0.47,0),(778,'INJETORA_01',8,1,75,71.10,'2026-04-05 21:53:44',1.9107,3.74,0.41,0),(779,'INJETORA_01',8,1,76,62.84,'2026-04-05 21:53:45',2.1172,1.09,0.71,0),(780,'INJETORA_01',8,1,77,58.99,'2026-04-05 21:53:45',1.4288,3.55,0.48,0),(781,'INJETORA_01',8,1,78,52.11,'2026-04-05 21:53:46',2.6217,4.39,0.75,0),(782,'INJETORA_01',8,1,79,45.40,'2026-04-05 21:53:47',2.0461,4.11,0.48,0),(783,'INJETORA_01',8,1,80,69.27,'2026-04-05 21:53:47',1.8246,1.45,0.71,0),(784,'INJETORA_01',8,1,81,45.72,'2026-04-05 21:53:48',1.4830,2.95,0.62,0),(785,'INJETORA_01',8,1,82,48.79,'2026-04-05 21:53:49',1.5422,2.06,0.44,0),(786,'INJETORA_01',8,1,83,68.40,'2026-04-05 21:53:49',2.6235,3.03,0.73,0),(787,'INJETORA_01',8,1,84,55.84,'2026-04-05 21:53:50',1.1829,1.09,0.71,0),(788,'INJETORA_01',8,1,85,58.12,'2026-04-05 21:53:51',2.1784,2.05,0.77,1),(789,'INJETORA_01',8,1,86,48.56,'2026-04-05 21:53:52',2.5832,2.81,0.70,0),(790,'INJETORA_01',8,1,87,50.79,'2026-04-05 21:53:53',1.9011,2.42,0.78,0),(791,'INJETORA_01',8,1,88,48.63,'2026-04-05 21:53:53',1.6462,3.63,0.60,0),(792,'INJETORA_01',8,1,89,50.09,'2026-04-05 21:53:54',1.8116,1.21,0.60,0),(793,'INJETORA_01',8,1,90,53.68,'2026-04-05 21:53:55',2.3519,3.13,0.77,0),(794,'INJETORA_01',8,1,91,51.00,'2026-04-05 21:53:56',1.2949,1.70,0.69,0),(795,'INJETORA_01',8,1,92,69.50,'2026-04-05 21:53:56',2.6300,2.94,0.68,0),(796,'INJETORA_01',8,1,93,45.23,'2026-04-05 21:53:57',2.1694,4.45,0.72,0),(797,'INJETORA_01',8,1,94,61.60,'2026-04-05 21:53:58',2.5253,3.92,0.45,0),(798,'INJETORA_01',8,1,95,57.43,'2026-04-05 21:53:58',2.5054,3.51,0.59,0),(799,'INJETORA_01',8,1,96,68.35,'2026-04-05 21:53:59',2.6111,1.43,0.55,0),(800,'INJETORA_01',8,1,97,55.60,'2026-04-05 21:54:00',1.4567,2.80,0.79,0),(801,'INJETORA_01',8,1,98,46.71,'2026-04-05 21:54:00',2.7089,3.64,0.46,0),(802,'INJETORA_01',8,1,99,55.65,'2026-04-05 21:54:01',1.6496,1.99,0.43,0),(803,'INJETORA_01',8,1,100,45.44,'2026-04-05 21:54:02',1.2455,2.17,0.78,0),(804,'INJETORA_01',8,0,0,0.00,'2026-04-05 21:54:02',0.0000,0.00,0.00,0),(805,'INJETORA_01',9,1,1,58.71,'2026-04-05 22:21:40',1.9401,2.91,0.67,0),(806,'INJETORA_01',9,1,2,50.55,'2026-04-05 22:21:41',1.9743,4.42,0.60,0),(807,'INJETORA_01',9,1,3,56.95,'2026-04-05 22:21:42',2.6666,2.29,0.60,1),(808,'INJETORA_01',9,1,4,54.32,'2026-04-05 22:21:42',1.7290,3.38,0.64,0),(809,'INJETORA_01',9,1,5,48.78,'2026-04-05 22:21:43',2.7872,4.45,0.41,0),(810,'INJETORA_01',9,1,6,65.72,'2026-04-05 22:21:43',2.0530,2.49,0.51,0),(811,'INJETORA_01',9,1,7,53.49,'2026-04-05 22:21:44',1.6491,3.18,0.49,0),(812,'INJETORA_01',9,1,8,69.27,'2026-04-05 22:21:45',2.6409,3.24,0.66,0),(813,'INJETORA_01',9,1,9,50.84,'2026-04-05 22:21:46',2.1948,2.03,0.54,0),(814,'INJETORA_01',9,1,10,59.85,'2026-04-05 22:21:46',1.1317,2.41,0.69,0),(815,'INJETORA_01',9,1,11,65.83,'2026-04-05 22:21:47',1.6266,2.88,0.65,0),(816,'INJETORA_01',9,1,12,54.84,'2026-04-05 22:21:48',2.2672,3.03,0.55,0),(817,'INJETORA_01',9,1,13,57.79,'2026-04-05 22:21:49',2.1564,3.10,0.77,0),(818,'INJETORA_01',9,1,14,62.29,'2026-04-05 22:21:49',2.4431,1.20,0.57,0),(819,'INJETORA_01',9,1,15,61.00,'2026-04-05 22:21:50',1.4279,1.92,0.48,0),(820,'INJETORA_01',9,1,16,61.85,'2026-04-05 22:21:50',1.9743,1.02,0.59,0),(821,'INJETORA_01',9,1,17,65.63,'2026-04-05 22:21:51',1.1062,1.59,0.57,0),(822,'INJETORA_01',9,1,18,55.12,'2026-04-05 22:21:52',1.3045,2.41,0.68,0),(823,'INJETORA_01',9,1,19,61.96,'2026-04-05 22:21:52',1.4127,2.38,0.46,0),(824,'INJETORA_01',9,1,20,67.45,'2026-04-05 22:21:53',2.3538,1.96,0.41,0),(825,'INJETORA_01',9,1,21,66.78,'2026-04-05 22:21:53',1.6289,2.37,0.61,0),(826,'INJETORA_01',9,1,22,58.26,'2026-04-05 22:21:54',1.7736,1.41,0.53,0),(827,'INJETORA_01',9,1,23,60.46,'2026-04-05 22:21:55',2.6266,3.49,0.49,0),(828,'INJETORA_01',9,1,24,71.53,'2026-04-05 22:21:55',2.6304,4.36,0.79,0),(829,'INJETORA_01',9,1,25,65.33,'2026-04-05 22:21:56',2.4335,2.22,0.55,0),(830,'INJETORA_01',9,1,26,65.90,'2026-04-05 22:21:57',2.7489,2.19,0.57,0),(831,'INJETORA_01',9,1,27,68.68,'2026-04-05 22:21:57',1.1791,1.96,0.55,0),(832,'INJETORA_01',9,1,28,69.48,'2026-04-05 22:21:58',2.1441,2.01,0.77,0),(833,'INJETORA_01',9,1,29,56.97,'2026-04-05 22:21:59',1.1179,3.41,0.53,0),(834,'INJETORA_01',9,1,30,64.82,'2026-04-05 22:21:59',2.0541,1.61,0.46,0),(835,'INJETORA_01',9,1,31,61.08,'2026-04-05 22:22:00',2.4694,2.43,0.65,0),(836,'INJETORA_01',9,1,32,45.21,'2026-04-05 22:22:01',2.3239,3.72,0.51,0),(837,'INJETORA_01',9,1,33,48.00,'2026-04-05 22:22:01',2.7181,1.61,0.50,0),(838,'INJETORA_01',9,1,34,51.30,'2026-04-05 22:22:02',2.4977,4.45,0.49,0),(839,'INJETORA_01',9,1,35,61.26,'2026-04-05 22:22:02',1.1361,2.20,0.60,0),(840,'INJETORA_01',9,1,36,59.65,'2026-04-05 22:22:03',1.8045,2.77,0.78,0),(841,'INJETORA_01',9,1,37,67.66,'2026-04-05 22:22:04',1.9395,2.91,0.70,0),(842,'INJETORA_01',9,1,38,55.72,'2026-04-05 22:22:05',2.0632,3.05,0.48,0),(843,'INJETORA_01',9,1,39,47.33,'2026-04-05 22:22:05',1.7153,3.48,0.79,0),(844,'INJETORA_01',9,1,40,55.63,'2026-04-05 22:22:06',1.2387,4.40,0.55,0),(845,'INJETORA_01',9,1,41,70.87,'2026-04-05 22:22:07',2.2368,4.24,0.60,0),(846,'INJETORA_01',9,1,42,47.04,'2026-04-05 22:22:08',1.6394,3.62,0.72,0),(847,'INJETORA_01',9,1,43,66.58,'2026-04-05 22:22:08',2.0125,4.37,0.58,0),(848,'INJETORA_01',9,1,44,63.29,'2026-04-05 22:22:09',2.1696,4.17,0.71,0),(849,'INJETORA_01',9,1,45,64.66,'2026-04-05 22:22:09',2.2745,2.19,0.46,0),(850,'INJETORA_01',9,1,46,51.03,'2026-04-05 22:22:10',1.3316,2.68,0.74,0),(851,'INJETORA_01',9,1,47,66.90,'2026-04-05 22:22:11',2.6326,0.90,0.68,0),(852,'INJETORA_01',9,1,48,57.05,'2026-04-05 22:22:12',1.5667,3.04,0.52,0),(853,'INJETORA_01',9,1,49,54.83,'2026-04-05 22:22:12',2.1440,1.51,0.65,0),(854,'INJETORA_01',9,1,50,49.76,'2026-04-05 22:22:13',2.7365,2.51,0.42,0),(855,'INJETORA_01',9,1,51,58.75,'2026-04-05 22:22:14',1.7217,2.18,0.79,0),(856,'INJETORA_01',9,1,52,46.46,'2026-04-05 22:22:14',2.0832,0.93,0.59,0),(857,'INJETORA_01',9,1,53,50.43,'2026-04-05 22:22:15',2.7300,4.11,0.42,0),(858,'INJETORA_01',9,1,54,63.75,'2026-04-05 22:22:16',1.1960,3.56,0.75,0),(859,'INJETORA_01',9,1,55,67.57,'2026-04-05 22:22:16',1.3293,2.98,0.57,0),(860,'INJETORA_01',9,1,56,50.99,'2026-04-05 22:22:17',2.3132,3.54,0.72,0),(861,'INJETORA_01',9,1,57,69.23,'2026-04-05 22:22:18',2.5924,2.52,0.49,0),(862,'INJETORA_01',9,1,58,70.39,'2026-04-05 22:22:18',2.2028,2.76,0.52,0),(863,'INJETORA_01',9,1,59,65.04,'2026-04-05 22:22:19',2.0395,1.48,0.59,0),(864,'INJETORA_01',9,1,60,58.40,'2026-04-05 22:22:19',2.4599,0.99,0.51,0),(865,'INJETORA_01',9,1,61,48.87,'2026-04-05 22:22:20',2.3368,3.40,0.50,0),(866,'INJETORA_01',9,1,62,61.26,'2026-04-05 22:22:21',2.3933,3.73,0.70,0),(867,'INJETORA_01',9,1,63,67.43,'2026-04-05 22:22:21',2.3834,4.12,0.41,1),(868,'INJETORA_01',9,1,64,55.36,'2026-04-05 22:22:22',1.8543,4.30,0.47,0),(869,'INJETORA_01',9,1,65,58.85,'2026-04-05 22:22:23',1.1294,4.35,0.71,0),(870,'INJETORA_01',9,1,66,59.00,'2026-04-05 22:22:23',1.8406,1.68,0.55,0),(871,'INJETORA_01',9,1,67,66.02,'2026-04-05 22:22:24',2.3711,1.98,0.62,0),(872,'INJETORA_01',9,1,68,56.64,'2026-04-05 22:22:25',2.4859,3.64,0.71,0),(873,'INJETORA_01',9,1,69,46.53,'2026-04-05 22:22:25',1.9098,4.45,0.45,0),(874,'INJETORA_01',9,1,70,67.15,'2026-04-05 22:22:26',2.6512,2.72,0.78,0),(875,'INJETORA_01',9,1,71,50.23,'2026-04-05 22:22:26',1.9364,4.03,0.48,0),(876,'INJETORA_01',9,1,72,55.50,'2026-04-05 22:22:27',1.8959,3.63,0.45,0),(877,'INJETORA_01',9,1,73,46.01,'2026-04-05 22:22:28',1.2964,3.91,0.56,0),(878,'INJETORA_01',9,1,74,54.95,'2026-04-05 22:22:28',1.2863,0.84,0.72,0),(879,'INJETORA_01',9,1,75,55.72,'2026-04-05 22:22:29',1.4050,4.09,0.43,0),(880,'INJETORA_01',9,1,76,71.86,'2026-04-05 22:22:30',1.8508,3.34,0.62,0),(881,'INJETORA_01',9,1,77,55.59,'2026-04-05 22:22:30',2.0880,1.04,0.56,0),(882,'INJETORA_01',9,1,78,45.58,'2026-04-05 22:22:31',1.6641,3.52,0.42,0),(883,'INJETORA_01',9,1,79,67.86,'2026-04-05 22:22:32',1.1310,1.19,0.60,0),(884,'INJETORA_01',9,1,80,71.63,'2026-04-05 22:22:32',1.2596,3.47,0.71,0),(885,'INJETORA_01',9,1,81,50.28,'2026-04-05 22:22:33',2.2021,4.00,0.57,0),(886,'INJETORA_01',9,1,82,54.99,'2026-04-05 22:22:34',1.7359,1.39,0.57,0),(887,'INJETORA_01',9,1,83,64.14,'2026-04-05 22:22:34',1.6382,2.68,0.50,0),(888,'INJETORA_01',9,1,84,60.94,'2026-04-05 22:22:35',1.7324,3.50,0.68,0),(889,'INJETORA_01',9,1,85,59.83,'2026-04-05 22:22:36',2.3779,1.30,0.59,0),(890,'INJETORA_01',9,1,86,56.25,'2026-04-05 22:22:36',2.6102,2.98,0.74,0),(891,'INJETORA_01',9,1,87,53.86,'2026-04-05 22:22:37',2.0181,1.89,0.55,0),(892,'INJETORA_01',9,1,88,65.45,'2026-04-05 22:22:38',2.4289,4.38,0.57,0),(893,'INJETORA_01',9,1,89,50.18,'2026-04-05 22:22:38',1.4764,1.43,0.47,0),(894,'INJETORA_01',9,1,90,64.17,'2026-04-05 22:22:39',1.7047,2.35,0.51,0),(895,'INJETORA_01',9,1,91,46.44,'2026-04-05 22:22:39',1.8643,3.15,0.66,0),(896,'INJETORA_01',9,1,92,50.29,'2026-04-05 22:22:40',2.7147,4.08,0.77,0),(897,'INJETORA_01',9,1,93,47.91,'2026-04-05 22:22:41',1.8036,0.83,0.56,0),(898,'INJETORA_01',9,1,94,53.29,'2026-04-05 22:22:42',1.8881,2.32,0.55,0),(899,'INJETORA_01',9,1,95,68.12,'2026-04-05 22:22:42',2.3571,3.22,0.65,0),(900,'INJETORA_01',9,1,96,70.91,'2026-04-05 22:22:43',2.6668,4.04,0.58,0),(901,'INJETORA_01',9,1,97,51.33,'2026-04-05 22:22:44',2.4299,2.13,0.64,0),(902,'INJETORA_01',9,1,98,45.01,'2026-04-05 22:22:44',1.5674,3.57,0.46,0),(903,'INJETORA_01',9,1,99,45.94,'2026-04-05 22:22:45',2.7256,2.70,0.43,0),(904,'INJETORA_01',9,1,100,65.61,'2026-04-05 22:22:46',2.1007,4.13,0.67,0),(905,'INJETORA_01',9,0,0,0.00,'2026-04-05 22:22:46',0.0000,0.00,0.00,0),(906,'INJETORA_01',10,1,1,58.07,'2026-04-05 22:33:38',1.3012,1.21,0.72,0),(907,'INJETORA_01',10,1,2,64.74,'2026-04-05 22:33:38',2.4832,2.10,0.74,0),(908,'INJETORA_01',10,1,3,53.17,'2026-04-05 22:33:39',1.8727,1.09,0.70,0),(909,'INJETORA_01',10,1,4,58.46,'2026-04-05 22:33:40',1.4718,1.11,0.56,0),(910,'INJETORA_01',10,1,5,62.05,'2026-04-05 22:33:41',1.6833,4.16,0.73,1),(911,'INJETORA_01',10,1,6,69.72,'2026-04-05 22:33:41',2.3817,3.19,0.49,0),(912,'INJETORA_01',10,1,7,54.14,'2026-04-05 22:33:42',2.1849,4.03,0.75,0),(913,'INJETORA_01',10,1,8,65.36,'2026-04-05 22:33:43',2.2032,3.37,0.56,0),(914,'INJETORA_01',10,1,9,64.76,'2026-04-05 22:33:43',1.4817,4.46,0.51,0),(915,'INJETORA_01',10,1,10,67.57,'2026-04-05 22:33:44',1.1116,1.96,0.54,0),(916,'INJETORA_01',10,1,11,62.04,'2026-04-05 22:33:44',1.3473,1.10,0.43,0),(917,'INJETORA_01',10,1,12,50.94,'2026-04-05 22:33:45',2.5015,1.82,0.68,0),(918,'INJETORA_01',10,1,13,52.04,'2026-04-05 22:33:46',2.7774,2.73,0.60,0),(919,'INJETORA_01',10,0,0,0.00,'2026-04-05 22:33:46',0.0000,0.00,0.00,0),(920,'INJETORA_01',11,1,1,60.39,'2026-04-05 22:49:56',1.3766,1.70,0.77,0),(921,'INJETORA_01',11,1,2,59.64,'2026-04-05 22:49:56',1.7008,3.29,0.52,0),(922,'INJETORA_01',11,1,3,57.21,'2026-04-05 22:49:57',1.2558,0.92,0.66,0),(923,'INJETORA_01',11,1,4,57.67,'2026-04-05 22:49:58',2.7832,2.57,0.63,0),(924,'INJETORA_01',11,1,5,67.20,'2026-04-05 22:49:58',2.3383,4.14,0.73,0),(925,'INJETORA_01',11,1,6,57.11,'2026-04-05 22:49:59',2.2593,1.19,0.57,0),(926,'INJETORA_01',11,1,7,51.91,'2026-04-05 22:50:00',1.9428,1.60,0.47,0),(927,'INJETORA_01',11,1,8,50.59,'2026-04-05 22:50:01',1.7120,3.25,0.80,0),(928,'INJETORA_01',11,1,9,60.55,'2026-04-05 22:50:01',1.6358,2.33,0.41,0),(929,'INJETORA_01',11,1,10,51.11,'2026-04-05 22:50:02',2.5395,3.19,0.44,0),(930,'INJETORA_01',11,1,11,63.79,'2026-04-05 22:50:02',2.3386,1.79,0.76,1),(931,'INJETORA_01',11,1,12,61.11,'2026-04-05 22:50:03',1.9890,4.06,0.50,0),(932,'INJETORA_01',11,1,13,70.04,'2026-04-05 22:50:04',2.3428,3.03,0.61,0),(933,'INJETORA_01',11,1,14,66.68,'2026-04-05 22:50:04',2.2043,1.69,0.62,0),(934,'INJETORA_01',11,1,15,63.94,'2026-04-05 22:50:05',2.4908,1.34,0.47,0),(935,'INJETORA_01',11,1,16,52.80,'2026-04-05 22:50:05',1.1965,4.39,0.47,0),(936,'INJETORA_01',11,1,17,68.11,'2026-04-05 22:50:06',1.4660,2.05,0.73,0),(937,'INJETORA_01',11,1,18,60.37,'2026-04-05 22:50:07',2.3789,1.39,0.79,0),(938,'INJETORA_01',11,1,19,60.93,'2026-04-05 22:50:08',1.1847,2.92,0.48,0),(939,'INJETORA_01',11,1,20,49.89,'2026-04-05 22:50:08',2.0643,3.44,0.44,0),(940,'INJETORA_01',11,1,21,46.52,'2026-04-05 22:50:09',2.5742,3.52,0.55,0),(941,'INJETORA_01',11,1,22,68.79,'2026-04-05 22:50:09',2.1197,3.28,0.59,0),(942,'INJETORA_01',11,1,23,67.28,'2026-04-05 22:50:10',1.1535,2.34,0.44,0),(943,'INJETORA_01',11,1,24,54.53,'2026-04-05 22:50:11',2.1878,4.26,0.74,0),(944,'INJETORA_01',11,1,25,68.17,'2026-04-05 22:50:11',2.6616,1.29,0.41,0),(945,'INJETORA_01',11,1,26,47.23,'2026-04-05 22:50:12',1.4649,2.86,0.54,0),(946,'INJETORA_01',11,1,27,61.29,'2026-04-05 22:50:13',1.4542,3.79,0.73,0),(947,'INJETORA_01',11,1,28,52.12,'2026-04-05 22:50:13',1.4235,2.23,0.75,0),(948,'INJETORA_01',11,1,29,58.35,'2026-04-05 22:50:14',2.3050,1.19,0.42,0),(949,'INJETORA_01',11,1,30,45.71,'2026-04-05 22:50:15',2.2374,2.99,0.60,0),(950,'INJETORA_01',11,1,31,58.56,'2026-04-05 22:50:15',2.1586,2.16,0.69,0),(951,'INJETORA_01',11,1,32,61.37,'2026-04-05 22:50:16',2.4954,2.84,0.70,0),(952,'INJETORA_01',11,1,33,47.98,'2026-04-05 22:50:17',1.9356,2.37,0.53,0),(953,'INJETORA_01',11,1,34,56.57,'2026-04-05 22:50:17',1.3976,3.82,0.56,0),(954,'INJETORA_01',11,1,35,53.65,'2026-04-05 22:50:18',1.2117,4.22,0.67,0),(955,'INJETORA_01',11,1,36,69.62,'2026-04-05 22:50:19',1.3432,3.70,0.74,0),(956,'INJETORA_01',11,1,37,50.37,'2026-04-05 22:50:20',1.8258,3.40,0.45,0),(957,'INJETORA_01',11,1,38,53.02,'2026-04-05 22:50:20',1.1438,1.45,0.45,0),(958,'INJETORA_01',11,1,39,65.70,'2026-04-05 22:50:21',2.1876,2.53,0.76,0),(959,'INJETORA_01',11,1,40,67.28,'2026-04-05 22:50:22',1.5342,0.91,0.63,0),(960,'INJETORA_01',11,1,41,56.30,'2026-04-05 22:50:22',1.4809,0.98,0.62,0),(961,'INJETORA_01',11,1,42,71.33,'2026-04-05 22:50:23',2.5555,2.41,0.60,0),(962,'INJETORA_01',11,1,43,46.54,'2026-04-05 22:50:23',2.7356,1.44,0.54,0),(963,'INJETORA_01',11,1,44,64.05,'2026-04-05 22:50:24',1.8027,3.78,0.75,0),(964,'INJETORA_01',11,1,45,66.65,'2026-04-05 22:50:25',1.8643,3.81,0.61,0),(965,'INJETORA_01',11,1,46,49.87,'2026-04-05 22:50:26',2.4443,3.20,0.80,0),(966,'INJETORA_01',11,1,47,71.70,'2026-04-05 22:50:27',1.9399,4.31,0.70,1),(967,'INJETORA_01',11,1,48,59.46,'2026-04-05 22:50:27',1.2289,3.67,0.57,0),(968,'INJETORA_01',11,1,49,48.25,'2026-04-05 22:50:28',1.8641,1.94,0.60,0),(969,'INJETORA_01',11,1,50,46.37,'2026-04-05 22:50:29',2.4486,3.37,0.68,0),(970,'INJETORA_01',11,1,51,53.55,'2026-04-05 22:50:29',2.7421,2.99,0.74,0),(971,'INJETORA_01',11,1,52,52.97,'2026-04-05 22:50:30',2.4659,3.08,0.48,0),(972,'INJETORA_01',11,1,53,49.56,'2026-04-05 22:50:31',1.8827,2.40,0.57,0),(973,'INJETORA_01',11,1,54,69.27,'2026-04-05 22:50:32',1.9958,1.58,0.71,0),(974,'INJETORA_01',11,1,55,56.05,'2026-04-05 22:50:32',2.5709,1.50,0.61,0),(975,'INJETORA_01',11,1,56,68.84,'2026-04-05 22:50:33',2.1366,1.44,0.70,0),(976,'INJETORA_01',11,1,57,47.04,'2026-04-05 22:50:34',1.5930,4.05,0.58,0),(977,'INJETORA_01',11,1,58,52.05,'2026-04-05 22:50:34',1.1052,2.33,0.58,0),(978,'INJETORA_01',11,1,59,64.28,'2026-04-05 22:50:35',2.0719,2.54,0.60,0),(979,'INJETORA_01',11,1,60,60.16,'2026-04-05 22:50:36',1.8538,3.00,0.64,0),(980,'INJETORA_01',11,1,61,70.63,'2026-04-05 22:50:36',1.3556,0.87,0.75,0),(981,'INJETORA_01',11,1,62,48.04,'2026-04-05 22:50:37',1.4841,4.24,0.78,0),(982,'INJETORA_01',11,1,63,62.21,'2026-04-05 22:50:38',1.9879,4.38,0.66,0),(983,'INJETORA_01',11,1,64,67.49,'2026-04-05 22:50:39',1.2516,1.68,0.79,0),(984,'INJETORA_01',11,1,65,60.08,'2026-04-05 22:50:39',1.8465,3.45,0.54,0),(985,'INJETORA_01',11,1,66,48.81,'2026-04-05 22:50:40',1.4721,1.07,0.46,0),(986,'INJETORA_01',11,1,67,46.22,'2026-04-05 22:50:41',2.1091,4.44,0.65,0),(987,'INJETORA_01',11,1,68,60.42,'2026-04-05 22:50:41',2.0575,3.22,0.45,0),(988,'INJETORA_01',11,1,69,50.01,'2026-04-05 22:50:42',1.8228,3.46,0.53,0),(989,'INJETORA_01',11,1,70,68.11,'2026-04-05 22:50:42',2.5763,2.22,0.42,0),(990,'INJETORA_01',11,1,71,65.44,'2026-04-05 22:50:43',1.2807,3.65,0.70,0),(991,'INJETORA_01',11,1,72,64.83,'2026-04-05 22:50:44',1.6497,3.09,0.74,0),(992,'INJETORA_01',11,1,73,67.75,'2026-04-05 22:50:45',1.3680,4.15,0.44,0),(993,'INJETORA_01',11,1,74,54.17,'2026-04-05 22:50:45',2.7640,2.62,0.59,0),(994,'INJETORA_01',11,1,75,62.48,'2026-04-05 22:50:46',1.7657,4.29,0.66,0),(995,'INJETORA_01',11,1,76,60.65,'2026-04-05 22:50:46',1.5486,1.54,0.42,0),(996,'INJETORA_01',11,1,77,71.21,'2026-04-05 22:50:47',1.1494,1.54,0.57,0),(997,'INJETORA_01',11,1,78,55.16,'2026-04-05 22:50:48',2.5124,2.93,0.65,0),(998,'INJETORA_01',11,1,79,52.74,'2026-04-05 22:50:49',1.2081,1.51,0.72,0),(999,'INJETORA_01',11,1,80,49.05,'2026-04-05 22:50:49',2.7762,2.48,0.64,0),(1000,'INJETORA_01',11,1,81,45.89,'2026-04-05 22:50:50',2.6888,1.80,0.66,0),(1001,'INJETORA_01',11,1,82,50.58,'2026-04-05 22:50:51',1.9119,2.79,0.66,0),(1002,'INJETORA_01',11,1,83,49.43,'2026-04-05 22:50:52',2.3796,1.87,0.62,0),(1003,'INJETORA_01',11,1,84,59.79,'2026-04-05 22:50:52',1.6583,2.03,0.53,0),(1004,'INJETORA_01',11,1,85,55.16,'2026-04-05 22:50:53',2.2038,3.12,0.72,1),(1005,'INJETORA_01',11,1,86,51.55,'2026-04-05 22:50:53',1.6036,3.90,0.47,0),(1006,'INJETORA_01',11,1,87,60.36,'2026-04-05 22:50:54',1.7256,1.12,0.65,0),(1007,'INJETORA_01',11,1,88,50.76,'2026-04-05 22:50:55',2.2796,2.67,0.49,0),(1008,'INJETORA_01',11,1,89,59.17,'2026-04-05 22:50:55',1.1768,3.67,0.62,1),(1009,'INJETORA_01',11,1,90,63.42,'2026-04-05 22:50:56',2.1633,2.75,0.53,0),(1010,'INJETORA_01',11,1,91,66.48,'2026-04-05 22:50:56',1.3949,3.48,0.51,0),(1011,'INJETORA_01',11,1,92,61.43,'2026-04-05 22:50:57',1.8360,3.01,0.50,0),(1012,'INJETORA_01',11,1,93,53.64,'2026-04-05 22:50:58',1.8443,4.19,0.58,0),(1013,'INJETORA_01',11,1,94,48.56,'2026-04-05 22:50:58',1.6902,3.55,0.42,0),(1014,'INJETORA_01',11,1,95,66.66,'2026-04-05 22:50:59',2.2663,1.53,0.71,0),(1015,'INJETORA_01',11,1,96,54.68,'2026-04-05 22:51:00',2.4542,3.33,0.72,0),(1016,'INJETORA_01',11,1,97,55.73,'2026-04-05 22:51:01',1.4987,3.64,0.66,0),(1017,'INJETORA_01',11,1,98,49.26,'2026-04-05 22:51:01',2.0608,1.77,0.40,0),(1018,'INJETORA_01',11,1,99,53.18,'2026-04-05 22:51:02',1.8611,1.35,0.40,0),(1019,'INJETORA_01',11,1,100,58.33,'2026-04-05 22:51:02',2.6567,0.94,0.72,0),(1020,'INJETORA_01',11,0,0,0.00,'2026-04-05 22:51:02',0.0000,0.00,0.00,0),(1021,'INJETORA_01',12,1,1,62.98,'2026-04-06 00:04:31',1.4935,3.02,0.73,0),(1022,'INJETORA_01',12,1,2,56.27,'2026-04-06 00:04:32',1.5923,0.89,0.53,0),(1023,'INJETORA_01',12,1,3,48.88,'2026-04-06 00:04:33',2.6557,1.42,0.80,0),(1024,'INJETORA_01',12,1,4,70.34,'2026-04-06 00:04:34',1.8667,0.87,0.69,0),(1025,'INJETORA_01',12,1,5,63.94,'2026-04-06 00:04:34',2.4463,2.88,0.46,0),(1026,'INJETORA_01',12,1,6,50.98,'2026-04-06 00:04:35',1.5551,2.45,0.75,0),(1027,'INJETORA_01',12,1,7,56.21,'2026-04-06 00:04:36',2.7253,2.94,0.63,0),(1028,'INJETORA_01',12,1,8,70.99,'2026-04-06 00:04:36',1.4495,4.19,0.71,0),(1029,'INJETORA_01',12,1,9,45.98,'2026-04-06 00:04:37',1.7751,4.37,0.68,0),(1030,'INJETORA_01',12,1,10,53.19,'2026-04-06 00:04:38',1.4240,1.41,0.64,0),(1031,'INJETORA_01',12,1,11,64.43,'2026-04-06 00:04:39',1.8834,1.75,0.72,0),(1032,'INJETORA_01',12,1,12,45.94,'2026-04-06 00:04:39',1.6815,3.44,0.54,0),(1033,'INJETORA_01',12,1,13,59.21,'2026-04-06 00:04:40',1.6252,3.68,0.70,0),(1034,'INJETORA_01',12,1,14,69.53,'2026-04-06 00:04:41',1.9748,2.27,0.48,0),(1035,'INJETORA_01',12,1,15,71.48,'2026-04-06 00:04:41',1.5991,4.23,0.61,0),(1036,'INJETORA_01',12,1,16,51.17,'2026-04-06 00:04:42',2.3954,4.44,0.44,0),(1037,'INJETORA_01',12,1,17,66.66,'2026-04-06 00:04:42',2.1612,3.24,0.63,0),(1038,'INJETORA_01',12,1,18,71.25,'2026-04-06 00:04:43',1.4603,4.30,0.73,0),(1039,'INJETORA_01',12,1,19,65.61,'2026-04-06 00:04:44',2.7284,3.87,0.47,0),(1040,'INJETORA_01',12,1,20,46.40,'2026-04-06 00:04:45',1.1603,3.74,0.78,0),(1041,'INJETORA_01',12,1,21,50.73,'2026-04-06 00:04:45',1.5711,2.52,0.44,0),(1042,'INJETORA_01',12,1,22,70.77,'2026-04-06 00:04:46',1.6999,2.56,0.80,0),(1043,'INJETORA_01',12,1,23,47.35,'2026-04-06 00:04:47',1.5026,1.11,0.53,0),(1044,'INJETORA_01',12,1,24,63.01,'2026-04-06 00:04:48',2.0146,2.11,0.78,0),(1045,'INJETORA_01',12,1,25,50.50,'2026-04-06 00:04:48',2.7022,2.57,0.69,0),(1046,'INJETORA_01',12,1,26,66.07,'2026-04-06 00:04:49',1.3598,2.83,0.56,0),(1047,'INJETORA_01',12,1,27,71.67,'2026-04-06 00:04:50',2.4116,4.44,0.62,0),(1048,'INJETORA_01',12,1,28,65.25,'2026-04-06 00:04:50',1.9330,3.53,0.73,0),(1049,'INJETORA_01',12,1,29,47.96,'2026-04-06 00:04:51',1.8321,4.09,0.42,0),(1050,'INJETORA_01',12,1,30,64.31,'2026-04-06 00:04:51',2.5212,1.45,0.46,0),(1051,'INJETORA_01',12,1,31,70.71,'2026-04-06 00:04:52',2.4754,1.68,0.69,0),(1052,'INJETORA_01',12,1,32,68.69,'2026-04-06 00:04:53',2.6359,4.36,0.71,0),(1053,'INJETORA_01',12,1,33,67.31,'2026-04-06 00:04:54',2.7997,1.64,0.57,0),(1054,'INJETORA_01',12,1,34,59.61,'2026-04-06 00:04:54',1.7935,0.84,0.61,0),(1055,'INJETORA_01',12,1,35,48.69,'2026-04-06 00:04:55',2.4713,1.22,0.47,0),(1056,'INJETORA_01',12,1,36,64.77,'2026-04-06 00:04:56',1.3584,3.93,0.63,0),(1057,'INJETORA_01',12,1,37,48.82,'2026-04-06 00:04:56',1.4731,2.41,0.56,0),(1058,'INJETORA_01',12,1,38,70.51,'2026-04-06 00:04:57',1.3836,3.49,0.79,0),(1059,'INJETORA_01',12,1,39,53.03,'2026-04-06 00:04:58',2.4483,1.18,0.74,0),(1060,'INJETORA_01',12,1,40,53.14,'2026-04-06 00:04:59',2.6214,1.76,0.48,0),(1061,'INJETORA_01',12,1,41,46.12,'2026-04-06 00:04:59',1.6095,2.83,0.54,0),(1062,'INJETORA_01',12,1,42,63.66,'2026-04-06 00:05:00',2.3962,4.24,0.75,0),(1063,'INJETORA_01',12,1,43,51.15,'2026-04-06 00:05:01',2.4576,2.13,0.75,0),(1064,'INJETORA_01',12,1,44,65.31,'2026-04-06 00:05:02',1.3904,3.41,0.74,0),(1065,'INJETORA_01',12,1,45,67.20,'2026-04-06 00:05:03',1.5552,3.35,0.70,0),(1066,'INJETORA_01',12,1,46,53.30,'2026-04-06 00:05:03',2.2613,2.95,0.79,0),(1067,'INJETORA_01',12,1,47,62.22,'2026-04-06 00:05:04',1.6449,1.03,0.41,0),(1068,'INJETORA_01',12,1,48,51.43,'2026-04-06 00:05:05',1.1902,1.37,0.48,0),(1069,'INJETORA_01',12,1,49,57.01,'2026-04-06 00:05:05',1.8810,3.15,0.66,0),(1070,'INJETORA_01',12,1,50,62.44,'2026-04-06 00:05:06',1.2202,3.43,0.73,0),(1071,'INJETORA_01',12,1,51,51.68,'2026-04-06 00:05:07',1.8559,1.16,0.46,0),(1072,'INJETORA_01',12,1,52,49.36,'2026-04-06 00:05:07',1.7272,1.67,0.63,0),(1073,'INJETORA_01',12,1,53,63.46,'2026-04-06 00:05:08',2.0859,1.87,0.58,0),(1074,'INJETORA_01',12,1,54,66.90,'2026-04-06 00:05:09',2.4253,2.92,0.60,0),(1075,'INJETORA_01',12,1,55,54.87,'2026-04-06 00:05:10',1.6822,2.77,0.49,0),(1076,'INJETORA_01',12,1,56,55.73,'2026-04-06 00:05:10',1.3619,1.97,0.58,0),(1077,'INJETORA_01',12,1,57,70.00,'2026-04-06 00:05:11',1.6238,3.86,0.72,0),(1078,'INJETORA_01',12,1,58,60.59,'2026-04-06 00:05:12',1.4435,3.77,0.53,0),(1079,'INJETORA_01',12,1,59,57.24,'2026-04-06 00:05:12',2.1573,1.90,0.77,0),(1080,'INJETORA_01',12,1,60,66.88,'2026-04-06 00:05:13',2.6913,3.46,0.74,0),(1081,'INJETORA_01',12,1,61,64.34,'2026-04-06 00:05:14',1.3498,4.21,0.56,0),(1082,'INJETORA_01',12,1,62,56.76,'2026-04-06 00:05:15',2.4426,4.07,0.80,0),(1083,'INJETORA_01',12,1,63,64.03,'2026-04-06 00:05:16',2.3258,1.69,0.69,0),(1084,'INJETORA_01',12,1,64,51.65,'2026-04-06 00:05:16',2.7313,2.55,0.68,0),(1085,'INJETORA_01',12,1,65,61.00,'2026-04-06 00:05:17',2.3706,3.62,0.78,0),(1086,'INJETORA_01',12,1,66,58.40,'2026-04-06 00:05:18',1.3134,2.28,0.61,0),(1087,'INJETORA_01',12,1,67,64.09,'2026-04-06 00:05:19',1.3980,3.29,0.78,0),(1088,'INJETORA_01',12,1,68,62.58,'2026-04-06 00:05:19',2.5542,2.14,0.63,0),(1089,'INJETORA_01',12,1,69,56.66,'2026-04-06 00:05:20',2.7360,2.99,0.75,0),(1090,'INJETORA_01',12,1,70,49.22,'2026-04-06 00:05:21',2.3354,3.17,0.73,0),(1091,'INJETORA_01',12,1,71,68.68,'2026-04-06 00:05:22',1.2873,2.42,0.51,0),(1092,'INJETORA_01',12,1,72,51.20,'2026-04-06 00:05:22',1.2335,1.00,0.52,0),(1093,'INJETORA_01',12,1,73,69.32,'2026-04-06 00:05:23',1.7452,1.81,0.60,0),(1094,'INJETORA_01',12,1,74,66.23,'2026-04-06 00:05:24',2.4525,1.09,0.78,0),(1095,'INJETORA_01',12,1,75,59.45,'2026-04-06 00:05:24',2.2165,1.59,0.44,0),(1096,'INJETORA_01',12,1,76,57.88,'2026-04-06 00:05:25',1.1826,3.59,0.46,0),(1097,'INJETORA_01',12,1,77,52.26,'2026-04-06 00:05:25',1.5517,3.00,0.71,0),(1098,'INJETORA_01',12,1,78,49.42,'2026-04-06 00:05:26',1.9653,3.28,0.42,0),(1099,'INJETORA_01',12,1,79,65.62,'2026-04-06 00:05:26',2.7057,1.41,0.43,0),(1100,'INJETORA_01',12,1,80,68.50,'2026-04-06 00:05:27',1.6698,3.16,0.76,0),(1101,'INJETORA_01',12,1,81,54.81,'2026-04-06 00:05:28',1.8436,1.77,0.48,0),(1102,'INJETORA_01',12,1,82,49.78,'2026-04-06 00:05:28',1.1945,3.86,0.45,0),(1103,'INJETORA_01',12,1,83,57.10,'2026-04-06 00:05:29',1.1713,2.31,0.55,0),(1104,'INJETORA_01',12,1,84,50.80,'2026-04-06 00:05:29',1.3627,3.56,0.52,0),(1105,'INJETORA_01',12,1,85,70.76,'2026-04-06 00:05:30',1.5911,2.95,0.62,1),(1106,'INJETORA_01',12,1,86,57.68,'2026-04-06 00:05:31',2.0890,2.95,0.45,0),(1107,'INJETORA_01',12,1,87,65.49,'2026-04-06 00:05:31',2.7584,2.61,0.48,0),(1108,'INJETORA_01',12,1,88,70.81,'2026-04-06 00:05:32',1.7600,2.62,0.41,0),(1109,'INJETORA_01',12,1,89,58.33,'2026-04-06 00:05:32',1.7294,2.54,0.62,0),(1110,'INJETORA_01',12,1,90,56.49,'2026-04-06 00:05:33',1.5604,2.69,0.78,1),(1111,'INJETORA_01',12,1,91,51.21,'2026-04-06 00:05:34',2.2579,1.51,0.74,0),(1112,'INJETORA_01',12,1,92,51.46,'2026-04-06 00:05:35',2.7721,1.20,0.57,0),(1113,'INJETORA_01',12,1,93,65.76,'2026-04-06 00:05:35',1.7528,3.82,0.56,0),(1114,'INJETORA_01',12,1,94,56.33,'2026-04-06 00:05:36',2.3979,2.30,0.72,0),(1115,'INJETORA_01',12,1,95,60.73,'2026-04-06 00:05:37',2.7944,1.61,0.67,0),(1116,'INJETORA_01',12,1,96,51.17,'2026-04-06 00:05:38',2.4545,1.76,0.68,0),(1117,'INJETORA_01',12,1,97,47.90,'2026-04-06 00:05:39',2.3445,3.56,0.76,1),(1118,'INJETORA_01',12,1,98,66.73,'2026-04-06 00:05:39',2.5665,1.78,0.53,0),(1119,'INJETORA_01',12,1,99,68.47,'2026-04-06 00:05:40',2.7931,0.86,0.75,0),(1120,'INJETORA_01',12,1,100,58.17,'2026-04-06 00:05:41',2.1318,0.85,0.50,0),(1121,'INJETORA_01',12,0,0,0.00,'2026-04-06 00:05:41',0.0000,0.00,0.00,0),(1122,'INJETORA_01',13,1,1,66.40,'2026-04-06 00:12:47',1.9460,3.60,0.71,0),(1123,'INJETORA_01',13,1,2,59.01,'2026-04-06 00:12:48',2.5624,3.13,0.49,0),(1124,'INJETORA_01',13,1,3,52.56,'2026-04-06 00:12:48',2.0325,1.19,0.51,0),(1125,'INJETORA_01',13,1,4,55.65,'2026-04-06 00:12:49',1.1920,0.99,0.43,0),(1126,'INJETORA_01',13,1,5,52.89,'2026-04-06 00:12:49',2.3226,2.86,0.52,0),(1127,'INJETORA_01',13,1,6,66.97,'2026-04-06 00:12:50',1.3823,2.62,0.50,0),(1128,'INJETORA_01',13,1,7,49.78,'2026-04-06 00:12:50',1.7769,4.37,0.52,0),(1129,'INJETORA_01',13,1,8,55.16,'2026-04-06 00:12:51',2.2165,3.88,0.80,0),(1130,'INJETORA_01',13,1,9,70.71,'2026-04-06 00:12:52',2.0974,3.61,0.49,0),(1131,'INJETORA_01',13,1,10,66.58,'2026-04-06 00:12:53',2.5684,2.18,0.62,0),(1132,'INJETORA_01',13,1,11,51.35,'2026-04-06 00:12:53',2.1902,3.70,0.71,0),(1133,'INJETORA_01',13,1,12,68.17,'2026-04-06 00:12:54',2.2080,3.38,0.64,0),(1134,'INJETORA_01',13,1,13,60.22,'2026-04-06 00:12:55',1.1320,4.01,0.63,0),(1135,'INJETORA_01',13,1,14,48.59,'2026-04-06 00:12:55',1.1784,1.44,0.57,0),(1136,'INJETORA_01',13,1,15,61.12,'2026-04-06 00:12:56',2.3085,1.47,0.44,0),(1137,'INJETORA_01',13,1,16,49.80,'2026-04-06 00:12:57',1.8543,1.27,0.68,0),(1138,'INJETORA_01',13,1,17,52.92,'2026-04-06 00:12:57',1.8501,3.41,0.67,0),(1139,'INJETORA_01',13,1,18,51.61,'2026-04-06 00:12:58',1.4284,2.89,0.78,0),(1140,'INJETORA_01',13,1,19,52.79,'2026-04-06 00:12:59',1.3736,4.24,0.64,0),(1141,'INJETORA_01',13,1,20,51.18,'2026-04-06 00:13:00',2.0951,1.22,0.53,0),(1142,'INJETORA_01',13,1,21,53.25,'2026-04-06 00:13:00',1.1872,1.91,0.52,0),(1143,'INJETORA_01',13,1,22,62.73,'2026-04-06 00:13:01',1.3995,3.01,0.71,0),(1144,'INJETORA_01',13,1,23,62.72,'2026-04-06 00:13:02',2.3507,3.70,0.73,0),(1145,'INJETORA_01',13,1,24,65.11,'2026-04-06 00:13:02',2.7889,1.44,0.69,0),(1146,'INJETORA_01',13,1,25,54.75,'2026-04-06 00:13:03',2.1610,4.05,0.70,0),(1147,'INJETORA_01',13,1,26,49.53,'2026-04-06 00:13:04',1.5824,3.90,0.73,0),(1148,'INJETORA_01',13,1,27,57.16,'2026-04-06 00:13:05',1.4765,3.17,0.52,1),(1149,'INJETORA_01',13,1,28,60.59,'2026-04-06 00:13:05',1.4639,3.63,0.55,0),(1150,'INJETORA_01',13,1,29,49.80,'2026-04-06 00:13:06',2.0649,3.35,0.62,0),(1151,'INJETORA_01',13,1,30,48.75,'2026-04-06 00:13:06',2.7969,2.07,0.48,0),(1152,'INJETORA_01',13,1,31,70.25,'2026-04-06 00:13:07',1.5669,4.10,0.73,0),(1153,'INJETORA_01',13,1,32,53.10,'2026-04-06 00:13:08',1.9802,1.58,0.67,0),(1154,'INJETORA_01',13,1,33,53.53,'2026-04-06 00:13:09',2.3682,1.23,0.63,0),(1155,'INJETORA_01',13,1,34,52.46,'2026-04-06 00:13:09',2.2979,1.98,0.54,0),(1156,'INJETORA_01',13,1,35,63.56,'2026-04-06 00:13:10',1.4950,1.26,0.48,0),(1157,'INJETORA_01',13,1,36,63.05,'2026-04-06 00:13:10',1.6988,3.50,0.55,0),(1158,'INJETORA_01',13,1,37,55.05,'2026-04-06 00:13:11',2.3257,4.38,0.69,0),(1159,'INJETORA_01',13,1,38,60.23,'2026-04-06 00:13:12',2.4594,3.83,0.76,0),(1160,'INJETORA_01',13,1,39,63.74,'2026-04-06 00:13:12',1.9072,2.43,0.40,0),(1161,'INJETORA_01',13,1,40,59.54,'2026-04-06 00:13:13',2.1953,1.82,0.51,0),(1162,'INJETORA_01',13,1,41,61.58,'2026-04-06 00:13:14',2.6086,2.25,0.70,0),(1163,'INJETORA_01',13,1,42,51.72,'2026-04-06 00:13:15',2.4091,3.01,0.71,0),(1164,'INJETORA_01',13,1,43,56.08,'2026-04-06 00:13:15',2.6241,3.50,0.75,0),(1165,'INJETORA_01',13,1,44,46.91,'2026-04-06 00:13:16',2.3573,4.24,0.55,0),(1166,'INJETORA_01',13,1,45,56.98,'2026-04-06 00:13:17',2.5744,1.91,0.64,0),(1167,'INJETORA_01',13,1,46,69.53,'2026-04-06 00:13:17',1.4562,4.28,0.74,0),(1168,'INJETORA_01',13,1,47,51.08,'2026-04-06 00:13:18',1.6734,3.48,0.52,0),(1169,'INJETORA_01',13,1,48,61.43,'2026-04-06 00:13:19',2.4348,4.40,0.63,0),(1170,'INJETORA_01',13,1,49,46.41,'2026-04-06 00:13:20',1.2361,4.27,0.70,0),(1171,'INJETORA_01',13,1,50,57.55,'2026-04-06 00:13:20',1.3679,4.14,0.79,0),(1172,'INJETORA_01',13,1,51,49.83,'2026-04-06 00:13:21',1.7481,4.25,0.56,0),(1173,'INJETORA_01',13,1,52,48.76,'2026-04-06 00:13:22',2.4292,3.30,0.52,0),(1174,'INJETORA_01',13,1,53,64.44,'2026-04-06 00:13:22',2.7263,1.80,0.45,0),(1175,'INJETORA_01',13,1,54,54.66,'2026-04-06 00:13:23',1.9650,1.87,0.63,0),(1176,'INJETORA_01',13,1,55,48.23,'2026-04-06 00:13:24',2.6741,2.28,0.60,0),(1177,'INJETORA_01',13,1,56,51.17,'2026-04-06 00:13:24',1.7116,1.91,0.55,0),(1178,'INJETORA_01',13,1,57,56.76,'2026-04-06 00:13:25',2.4842,2.50,0.70,0),(1179,'INJETORA_01',13,1,58,56.21,'2026-04-06 00:13:26',1.7676,2.46,0.65,0),(1180,'INJETORA_01',13,1,59,63.11,'2026-04-06 00:13:26',1.1793,3.50,0.43,0),(1181,'INJETORA_01',13,1,60,69.21,'2026-04-06 00:13:27',1.2619,3.50,0.61,0),(1182,'INJETORA_01',13,1,61,66.42,'2026-04-06 00:13:28',2.4170,4.44,0.71,0),(1183,'INJETORA_01',13,1,62,48.29,'2026-04-06 00:13:28',1.4063,2.00,0.57,0),(1184,'INJETORA_01',13,1,63,63.96,'2026-04-06 00:13:29',2.1227,1.74,0.78,0),(1185,'INJETORA_01',13,1,64,55.47,'2026-04-06 00:13:30',1.4032,3.12,0.57,0),(1186,'INJETORA_01',13,1,65,60.47,'2026-04-06 00:13:30',1.5385,3.98,0.52,0),(1187,'INJETORA_01',13,1,66,65.68,'2026-04-06 00:13:31',1.3923,4.35,0.51,0),(1188,'INJETORA_01',13,1,67,65.82,'2026-04-06 00:13:31',1.9218,0.81,0.58,0),(1189,'INJETORA_01',13,1,68,47.52,'2026-04-06 00:13:32',1.2721,3.52,0.46,0),(1190,'INJETORA_01',13,1,69,66.35,'2026-04-06 00:13:33',2.7326,2.85,0.48,0),(1191,'INJETORA_01',13,1,70,54.86,'2026-04-06 00:13:34',1.9253,0.90,0.80,0),(1192,'INJETORA_01',13,1,71,48.22,'2026-04-06 00:13:34',2.4553,1.62,0.68,0),(1193,'INJETORA_01',13,1,72,54.23,'2026-04-06 00:13:35',1.6950,3.01,0.55,0),(1194,'INJETORA_01',13,1,73,61.04,'2026-04-06 00:13:36',2.7325,3.21,0.53,0),(1195,'INJETORA_01',13,1,74,52.55,'2026-04-06 00:13:36',1.3795,1.75,0.55,0),(1196,'INJETORA_01',13,1,75,69.49,'2026-04-06 00:13:37',1.4970,2.71,0.63,0),(1197,'INJETORA_01',13,1,76,70.92,'2026-04-06 00:13:38',2.3453,1.59,0.78,0),(1198,'INJETORA_01',13,1,77,51.39,'2026-04-06 00:13:38',1.3664,2.06,0.54,0),(1199,'INJETORA_01',13,1,78,64.85,'2026-04-06 00:13:39',1.3059,3.52,0.42,0),(1200,'INJETORA_01',13,1,79,64.58,'2026-04-06 00:13:39',2.6497,1.23,0.46,0),(1201,'INJETORA_01',13,1,80,69.47,'2026-04-06 00:13:40',1.5801,3.69,0.44,0),(1202,'INJETORA_01',13,1,81,63.75,'2026-04-06 00:13:41',2.5146,3.16,0.71,0),(1203,'INJETORA_01',13,1,82,52.81,'2026-04-06 00:13:41',1.1817,2.35,0.49,0),(1204,'INJETORA_01',13,1,83,66.33,'2026-04-06 00:13:42',2.5611,4.02,0.57,0),(1205,'INJETORA_01',13,1,84,52.25,'2026-04-06 00:13:43',1.9928,3.78,0.76,0),(1206,'INJETORA_01',13,1,85,49.01,'2026-04-06 00:13:43',2.3484,0.96,0.53,0),(1207,'INJETORA_01',13,1,86,57.43,'2026-04-06 00:13:44',1.4409,3.97,0.68,1),(1208,'INJETORA_01',13,1,87,66.75,'2026-04-06 00:13:45',1.9059,2.10,0.72,0),(1209,'INJETORA_01',13,1,88,48.61,'2026-04-06 00:13:46',2.3256,3.17,0.55,0),(1210,'INJETORA_01',13,1,89,48.52,'2026-04-06 00:13:46',2.1113,2.54,0.41,0),(1211,'INJETORA_01',13,1,90,69.45,'2026-04-06 00:13:47',1.6876,2.13,0.69,0),(1212,'INJETORA_01',13,1,91,47.02,'2026-04-06 00:13:48',2.1201,1.58,0.61,0),(1213,'INJETORA_01',13,1,92,62.96,'2026-04-06 00:13:48',2.0630,3.28,0.64,0),(1214,'INJETORA_01',13,1,93,52.22,'2026-04-06 00:13:49',1.1600,4.24,0.54,0),(1215,'INJETORA_01',13,1,94,51.25,'2026-04-06 00:13:50',1.1230,2.31,0.60,0),(1216,'INJETORA_01',13,1,95,67.88,'2026-04-06 00:13:50',1.6985,3.65,0.79,0),(1217,'INJETORA_01',13,1,96,51.62,'2026-04-06 00:13:51',1.6383,3.33,0.69,0),(1218,'INJETORA_01',13,1,97,57.76,'2026-04-06 00:13:52',1.8124,3.90,0.48,0),(1219,'INJETORA_01',13,1,98,57.65,'2026-04-06 00:13:53',1.1138,1.66,0.76,0),(1220,'INJETORA_01',13,1,99,51.19,'2026-04-06 00:13:53',1.7464,3.71,0.46,0),(1221,'INJETORA_01',13,1,100,68.57,'2026-04-06 00:13:54',1.8191,1.83,0.68,0),(1222,'INJETORA_01',13,0,0,0.00,'2026-04-06 00:13:54',0.0000,0.00,0.00,0);
/*!40000 ALTER TABLE `maquinas_telemetria` ENABLE KEYS */;
UNLOCK TABLES;

--
-- Table structure for table `ordens_producao`
--

DROP TABLE IF EXISTS `ordens_producao`;
/*!40101 SET @saved_cs_client     = @@character_set_client */;
/*!50503 SET character_set_client = utf8mb4 */;
CREATE TABLE `ordens_producao` (
  `id` int NOT NULL AUTO_INCREMENT,
  `produto_id` int DEFAULT NULL,
  `quantidade_solicitada` int NOT NULL,
  `status` varchar(20) DEFAULT 'pendente',
  `data_criacao` datetime DEFAULT CURRENT_TIMESTAMP,
  `data_conclusao` datetime DEFAULT NULL,
  PRIMARY KEY (`id`),
  KEY `produto_id` (`produto_id`),
  CONSTRAINT `ordens_producao_ibfk_1` FOREIGN KEY (`produto_id`) REFERENCES `produtos` (`id`)
) ENGINE=InnoDB AUTO_INCREMENT=14 DEFAULT CHARSET=utf8mb4 COLLATE=utf8mb4_0900_ai_ci;
/*!40101 SET character_set_client = @saved_cs_client */;

--
-- Dumping data for table `ordens_producao`
--

LOCK TABLES `ordens_producao` WRITE;
/*!40000 ALTER TABLE `ordens_producao` DISABLE KEYS */;
INSERT INTO `ordens_producao` VALUES (1,1,100,'concluida','2026-04-05 19:58:14','2026-04-05 20:05:30'),(2,2,100,'concluida','2026-04-05 20:28:28','2026-04-05 20:29:26'),(3,2,100,'concluida','2026-04-05 20:40:04','2026-04-05 20:41:03'),(4,1,100,'concluida','2026-04-05 20:46:32','2026-04-05 20:47:30'),(5,1,100,'concluida','2026-04-05 20:55:52','2026-04-05 20:56:51'),(6,1,100,'concluida','2026-04-05 21:17:17','2026-04-05 21:18:25'),(7,2,100,'concluida','2026-04-05 21:49:58','2026-04-05 21:51:08'),(8,1,100,'concluida','2026-04-05 21:52:51','2026-04-05 21:54:02'),(9,1,100,'concluida','2026-04-05 22:21:38','2026-04-05 22:22:46'),(10,1,100,'interrompida','2026-04-05 22:33:35',NULL),(11,1,100,'concluida','2026-04-05 22:49:53','2026-04-05 22:51:02'),(12,1,100,'concluida','2026-04-06 00:04:28','2026-04-06 00:05:41'),(13,2,100,'concluida','2026-04-06 00:12:43','2026-04-06 00:13:54');
/*!40000 ALTER TABLE `ordens_producao` ENABLE KEYS */;
UNLOCK TABLES;

--
-- Table structure for table `produtos`
--

DROP TABLE IF EXISTS `produtos`;
/*!40101 SET @saved_cs_client     = @@character_set_client */;
/*!50503 SET character_set_client = utf8mb4 */;
CREATE TABLE `produtos` (
  `id` int NOT NULL AUTO_INCREMENT,
  `nome` varchar(100) NOT NULL,
  `sku` varchar(50) NOT NULL,
  `preco` decimal(10,2) NOT NULL,
  `categoria` varchar(50) DEFAULT 'Geral',
  `unidade_medida` varchar(10) DEFAULT 'un',
  `custo_unitario` decimal(10,2) DEFAULT '0.00',
  PRIMARY KEY (`id`),
  UNIQUE KEY `sku` (`sku`)
) ENGINE=InnoDB AUTO_INCREMENT=8 DEFAULT CHARSET=utf8mb4 COLLATE=utf8mb4_0900_ai_ci;
/*!40101 SET character_set_client = @saved_cs_client */;

--
-- Dumping data for table `produtos`
--

LOCK TABLES `produtos` WRITE;
/*!40000 ALTER TABLE `produtos` DISABLE KEYS */;
INSERT INTO `produtos` VALUES (1,'Engrenagem A1','ENG-001',50.00,'Geral','un',0.00),(2,'Produto Novo','SKU-002',100.00,'Geral','un',0.00),(5,'Sensor Ultrassônico HC','SEN-ULT',25.90,'Geral','un',0.00),(6,'Atuador Pneumático 50mm','ATU-PNE',315.00,'Geral','un',0.00),(7,'Controlador de Temperatura','CTRL-TEMP',198.00,'Geral','un',0.00);
/*!40000 ALTER TABLE `produtos` ENABLE KEYS */;
UNLOCK TABLES;

--
-- Table structure for table `usuarios`
--

DROP TABLE IF EXISTS `usuarios`;
/*!40101 SET @saved_cs_client     = @@character_set_client */;
/*!50503 SET character_set_client = utf8mb4 */;
CREATE TABLE `usuarios` (
  `id` int NOT NULL AUTO_INCREMENT,
  `nome` varchar(100) NOT NULL,
  `cargo` varchar(50) DEFAULT NULL,
  `pin` varchar(4) DEFAULT NULL,
  PRIMARY KEY (`id`)
) ENGINE=InnoDB AUTO_INCREMENT=3 DEFAULT CHARSET=utf8mb4 COLLATE=utf8mb4_0900_ai_ci;
/*!40101 SET character_set_client = @saved_cs_client */;

--
-- Dumping data for table `usuarios`
--

LOCK TABLES `usuarios` WRITE;
/*!40000 ALTER TABLE `usuarios` DISABLE KEYS */;
INSERT INTO `usuarios` VALUES (1,'João Vendedor','Vendas Internas','1234'),(2,'Maria Operadora','Supervisor Industrial','4321');
/*!40000 ALTER TABLE `usuarios` ENABLE KEYS */;
UNLOCK TABLES;

--
-- Table structure for table `vendas`
--

DROP TABLE IF EXISTS `vendas`;
/*!40101 SET @saved_cs_client     = @@character_set_client */;
/*!50503 SET character_set_client = utf8mb4 */;
CREATE TABLE `vendas` (
  `id` int NOT NULL AUTO_INCREMENT,
  `produto_id` int DEFAULT NULL,
  `quantidade` int NOT NULL,
  `data_venda` datetime DEFAULT CURRENT_TIMESTAMP,
  PRIMARY KEY (`id`),
  KEY `produto_id` (`produto_id`),
  CONSTRAINT `vendas_ibfk_1` FOREIGN KEY (`produto_id`) REFERENCES `produtos` (`id`)
) ENGINE=InnoDB AUTO_INCREMENT=23 DEFAULT CHARSET=utf8mb4 COLLATE=utf8mb4_0900_ai_ci;
/*!40101 SET character_set_client = @saved_cs_client */;

--
-- Dumping data for table `vendas`
--

LOCK TABLES `vendas` WRITE;
/*!40000 ALTER TABLE `vendas` DISABLE KEYS */;
INSERT INTO `vendas` VALUES (1,1,15,'2026-04-05 19:58:14'),(2,1,10,'2026-04-05 20:11:41'),(3,2,4,'2026-04-05 20:25:41'),(4,2,6,'2026-04-05 20:26:55'),(5,2,35,'2026-04-05 20:28:28'),(6,2,40,'2026-04-05 20:38:58'),(7,2,40,'2026-04-05 20:39:23'),(8,2,10,'2026-04-05 20:39:41'),(9,2,10,'2026-04-05 20:40:04'),(10,1,90,'2026-04-05 20:46:32'),(11,1,90,'2026-04-05 20:55:52'),(12,1,90,'2026-04-05 21:16:39'),(13,1,15,'2026-04-05 21:17:17'),(14,2,95,'2026-04-05 21:49:58'),(15,1,95,'2026-04-05 21:52:51'),(16,2,95,'2026-04-05 22:20:11'),(17,1,10,'2026-04-05 22:21:12'),(18,1,95,'2026-04-05 22:21:38'),(19,1,99,'2026-04-05 22:33:35'),(20,1,5,'2026-04-05 22:49:53'),(21,1,91,'2026-04-06 00:04:28'),(22,2,10,'2026-04-06 00:12:43');
/*!40000 ALTER TABLE `vendas` ENABLE KEYS */;
UNLOCK TABLES;
/*!40103 SET TIME_ZONE=@OLD_TIME_ZONE */;

/*!40101 SET SQL_MODE=@OLD_SQL_MODE */;
/*!40014 SET FOREIGN_KEY_CHECKS=@OLD_FOREIGN_KEY_CHECKS */;
/*!40014 SET UNIQUE_CHECKS=@OLD_UNIQUE_CHECKS */;
/*!40101 SET CHARACTER_SET_CLIENT=@OLD_CHARACTER_SET_CLIENT */;
/*!40101 SET CHARACTER_SET_RESULTS=@OLD_CHARACTER_SET_RESULTS */;
/*!40101 SET COLLATION_CONNECTION=@OLD_COLLATION_CONNECTION */;
/*!40111 SET SQL_NOTES=@OLD_SQL_NOTES */;

-- Dump completed on 2026-04-06  0:17:06
